Course,AHI,Area B,Area C,Area D,Area E,Area F,Area G,Ethnicity,Euro Trad,Quant Relationships,World Cult,Writing
ANTH 109,0,0,0,1,0,0,0,0,0,0,0,0
ANTH 110,0,0,0,1,0,0,0,0,0,0,1,0
ANTH 116A,0,0,0,0,0,0,0,0,0,0,0,1
ANTH 116B,0,0,0,0,0,0,0,0,0,0,0,1
ANTH 131,1,0,0,1,0,0,0,0,0,0,1,0
ANTH 134,0,0,0,1,0,0,0,0,0,0,1,0
ANTH 135,0,0,0,1,0,0,0,0,0,0,1,1
ANTH 137,0,0,0,1,0,0,0,0,0,0,1,0
ANTH 138TS,0,0,0,0,1,0,0,0,0,0,1,1
ANTH 141,0,0,0,1,0,0,0,0,0,0,1,1
ANTH 142,0,0,0,1,0,0,0,0,0,0,1,0
ANTH 143,0,0,0,0,0,0,0,0,0,0,0,1
ANTH 148A,0,0,0,0,0,0,0,1,0,0,0,0
ANTH 156,0,0,0,1,0,0,0,0,0,0,1,0
ANTH 169,0,0,0,0,0,0,0,0,0,0,0,1
ANTH 172,0,0,0,0,0,0,0,0,0,0,0,1
ANTH 176,0,0,0,1,1,0,0,0,0,0,1,1
ANTH 176TS,0,0,0,0,1,0,0,0,0,0,1,0
ANTH 2,0,0,0,1,0,0,0,0,0,0,1,0
ANTH 25,0,0,0,1,0,0,0,0,0,0,1,1
ANTH 3,0,0,0,1,0,0,0,0,0,0,1,1
ANTH 3SS,0,0,0,1,0,0,0,0,0,0,1,0
ANTH 5,0,0,1,0,0,0,0,0,0,0,0,0
ANTH 7,0,0,0,1,0,0,0,0,0,0,0,0
ART 106W,0,0,0,0,0,1,0,0,0,0,0,0
ART 125,0,0,0,0,0,1,0,0,0,0,0,0
ART 179C,0,0,0,0,0,0,1,0,0,0,0,1
ART 1A,0,0,0,0,0,1,0,0,0,0,0,1
ART 7A,0,0,0,0,0,1,0,0,0,0,0,0
ARTHI 1,0,0,0,0,0,1,0,0,0,0,0,0
ARTHI 103A,0,0,0,0,0,1,0,0,0,0,0,0
ARTHI 103B,0,0,0,0,0,1,0,0,0,0,0,0
ARTHI 103C,0,0,0,0,0,1,0,0,0,0,0,0
ARTHI 105C,0,0,0,0,0,1,0,0,0,0,0,0
ARTHI 105E,0,0,0,0,0,1,0,0,0,0,0,0
ARTHI 105G,0,0,0,0,0,1,0,0,0,0,0,0
ARTHI 105L,0,0,0,0,0,1,0,0,0,0,0,0
ARTHI 107A 15C,0,0,0,0,0,1,0,0,0,0,0,0
ARTHI 107B 16C,0,0,0,0,0,1,0,0,0,0,0,0
ARTHI 109A,0,0,0,0,0,1,0,0,0,0,0,0
ARTHI 109B,0,0,0,0,0,1,0,0,0,0,0,0
ARTHI 109C,0,0,0,0,0,1,0,0,0,0,0,0
ARTHI 109D,0,0,0,0,0,1,0,0,0,0,0,0
ARTHI 109E,0,0,0,0,0,1,0,0,0,0,0,0
ARTHI 109F,0,0,0,0,0,1,0,0,0,0,0,0
ARTHI 109G,0,0,0,0,0,1,0,0,0,0,0,0
ARTHI 111B,0,0,0,0,0,1,0,0,0,0,0,0
ARTHI 111C,0,0,0,0,0,1,0,0,0,0,0,0
ARTHI 111E,0,0,0,0,0,1,0,0,0,0,0,0
ARTHI 111F,0,0,0,0,0,1,0,0,0,0,0,0
ARTHI 113A 17C,0,0,0,0,0,1,0,0,0,0,0,0
ARTHI 113B 17C,0,0,0,0,0,1,0,0,0,0,0,0
ARTHI 113F,0,0,0,0,0,1,0,0,0,0,0,0
ARTHI 115B 18C:,0,0,0,0,0,1,0,0,0,0,0,0
ARTHI 115D 18C,0,0,0,0,0,1,0,0,0,0,0,0
ARTHI 115E,0,0,0,0,1,0,0,0,0,0,0,0
ARTHI 117B 19C,0,0,0,0,0,1,0,0,0,0,0,0
ARTHI 117F,0,0,0,0,0,1,0,0,0,0,0,0
ARTHI 119B,0,0,0,0,0,1,0,0,0,0,0,0
ARTHI 119C 20C,0,0,0,0,0,1,0,0,0,0,0,0
ARTHI 119D,0,0,0,0,0,1,0,0,0,0,0,0
ARTHI 119E,0,0,0,0,0,1,0,0,0,0,0,0
ARTHI 119F,0,0,0,0,0,1,0,0,0,0,0,0
ARTHI 119G,0,0,0,0,0,1,0,0,0,0,0,0
ARTHI 121A,1,0,0,0,0,1,0,0,0,0,0,0
ARTHI 121B,1,0,0,0,0,1,0,0,0,0,0,0
ARTHI 121C,1,0,0,0,0,1,0,0,0,0,0,0
ARTHI 121D,0,0,0,0,0,1,0,1,0,0,0,0
ARTHI 121E,0,0,0,0,0,0,0,0,0,0,0,1
ARTHI 121E 3-D,1,0,0,0,0,1,0,0,0,0,0,0
ARTHI 123D,0,0,0,0,0,1,0,0,0,0,1,0
ARTHI 123E,0,0,0,0,0,1,0,0,0,0,1,0
ARTHI 127A,0,0,0,0,0,1,0,0,0,0,1,0
ARTHI 127B,0,0,0,0,0,1,0,0,0,0,1,0
ARTHI 130A,0,0,0,0,0,1,0,0,0,0,1,0
ARTHI 130B,0,0,0,0,0,1,0,0,0,0,1,0
ARTHI 130C,0,0,0,0,0,1,0,0,0,0,0,0
ARTHI 130D,0,0,0,0,0,1,0,0,0,0,1,0
ARTHI 132A,0,0,0,0,0,1,0,0,0,0,1,0
ARTHI 132I,0,0,0,0,0,1,0,0,0,0,0,0
ARTHI 134A,0,0,0,0,0,1,0,0,0,0,1,0
ARTHI 134B,0,0,0,0,0,1,0,0,0,0,1,0
ARTHI 134C,0,0,0,0,0,1,0,0,0,0,1,0
ARTHI 134D,0,0,0,0,0,1,0,0,0,0,1,0
ARTHI 134E,0,0,0,0,0,1,0,0,0,0,1,0
ARTHI 134F,0,0,0,0,0,1,0,0,0,0,1,0
ARTHI 134G,0,0,0,0,0,1,0,0,0,0,1,0
ARTHI 134H,0,0,0,0,0,1,0,0,0,0,1,0
ARTHI 136A 19TH,0,0,0,0,0,1,0,0,0,0,0,0
ARTHI 136B 20TH,0,0,0,0,0,1,0,0,0,0,0,0
ARTHI 136C,0,0,0,0,0,1,0,0,0,0,0,0
ARTHI 136D,0,0,0,0,0,1,0,0,0,0,0,0
ARTHI 136H,1,0,0,0,0,1,0,0,0,0,0,0
ARTHI 136I,0,0,0,0,1,1,0,0,0,0,0,0
ARTHI 136J,0,0,0,0,0,1,0,0,0,0,1,0
ARTHI 136K 20TH,0,0,0,0,0,1,0,0,1,0,0,0
ARTHI 136L,0,0,0,0,0,1,0,0,1,0,0,0
ARTHI 136M,0,0,0,0,0,1,0,0,0,0,0,0
ARTHI 136O,0,0,0,0,0,1,0,0,0,0,0,0
ARTHI 136R,0,0,0,0,0,1,0,0,0,0,0,0
ARTHI 136V,0,0,0,0,0,1,0,0,0,0,1,0
ARTHI 136W,0,0,0,0,0,1,0,0,0,0,0,0
ARTHI 136Y,0,0,0,0,0,1,0,0,0,0,0,0
ARTHI 138B,0,0,0,0,0,1,0,0,0,0,0,0
ARTHI 138C,0,0,0,0,0,1,0,0,0,0,0,0
ARTHI 140E,0,0,0,0,0,1,0,0,0,0,0,0
ARTHI 141D,0,0,0,0,0,1,0,0,0,0,0,0
ARTHI 141G,0,0,0,0,0,1,0,0,1,0,0,0
ARTHI 144A,0,0,0,0,0,1,0,0,0,0,0,0
ARTHI 144C,0,0,0,0,0,1,0,0,0,0,0,0
ARTHI 144D,0,0,0,0,1,1,0,0,0,0,0,0
ARTHI 148A,0,0,0,0,1,1,0,0,0,0,0,0
ARTHI 148B,0,0,0,0,1,1,0,0,0,0,0,0
ARTHI 186B,0,0,0,0,0,0,0,0,0,0,0,1
ARTHI 186D,0,0,0,0,0,0,0,0,0,0,0,1
ARTHI 186E,0,0,0,0,0,0,0,0,0,0,0,1
ARTHI 186F,0,0,0,0,0,0,0,0,0,0,0,1
ARTHI 186G,0,0,0,0,0,0,0,0,0,0,0,1
ARTHI 186H,0,0,0,0,0,0,0,0,0,0,0,1
ARTHI 186J,0,0,0,0,0,0,0,0,0,0,0,1
ARTHI 186K,0,0,0,0,0,0,0,0,0,0,0,1
ARTHI 186N,0,0,0,0,0,0,0,0,0,0,0,1
ARTHI 186P,0,0,0,0,0,0,0,0,0,0,0,1
ARTHI 186Q,0,0,0,0,0,0,0,0,0,0,0,1
ARTHI 186R,0,0,0,0,0,0,0,0,0,0,0,1
ARTHI 186RS,0,0,0,0,0,0,0,0,0,0,0,1
ARTHI 186RW,0,0,0,0,0,0,0,0,0,0,0,1
ARTHI 186T,0,0,0,0,0,0,0,0,0,0,0,1
ARTHI 186V,0,0,0,0,0,0,0,0,0,0,0,1
ARTHI 186Y,0,0,0,0,0,0,0,0,0,0,0,1
ARTHI 187B,0,0,0,0,0,0,0,0,0,0,0,1
ARTHI 187H,0,0,0,0,0,0,0,0,0,0,0,1
ARTHI 187Z,0,0,0,0,0,0,0,0,0,0,0,1
ARTHI 5A,0,0,0,0,0,1,0,0,0,0,0,1
ARTHI 5B,0,0,0,0,0,1,0,0,0,0,0,0
ARTHI 6A,0,0,0,0,1,1,0,0,1,0,0,1
ARTHI 6B,0,0,0,0,1,1,0,0,1,0,0,1
ARTHI 6C,0,0,0,0,1,1,0,0,1,0,0,1
ARTHI 6DL,0,0,0,0,1,1,0,0,0,0,1,1
ARTHI 6DS,0,0,0,0,0,1,0,0,0,0,1,1
ARTHI 6DW,0,0,0,0,0,1,0,0,0,0,1,1
ARTHI 6E,0,0,0,0,0,1,0,0,0,0,1,0
ARTHI 6F,0,0,0,0,0,1,0,0,0,0,0,1
ARTHI 6G,0,0,0,0,0,1,0,0,0,0,0,1
ARTHI 6H,0,0,0,0,0,1,0,0,0,0,1,1
ARTHI 6J,0,0,0,0,0,1,0,0,0,0,0,0
ARTHI 6K,0,0,0,0,0,1,0,0,0,0,1,1
ARTHI 6L,0,0,0,0,1,1,0,0,0,0,0,1
ARTHI 6M,0,0,0,0,1,1,0,0,1,0,0,1
ARTHIW 6R,0,0,0,0,1,1,0,0,1,0,0,1
AS AM 1,1,0,0,1,0,0,0,1,0,0,0,0
AS AM 100AA,0,0,0,1,0,0,0,1,0,0,0,0
AS AM 100BB,0,0,0,1,0,0,0,1,0,0,0,1
AS AM 100CC,0,0,0,0,0,0,0,1,0,0,0,0
AS AM 100DD,0,0,0,0,0,0,0,1,0,0,0,0
AS AM 100FF,0,0,0,1,0,0,0,1,0,0,0,1
AS AM 107,0,0,0,1,0,0,0,1,0,0,0,0
AS AM 109,0,0,0,0,0,0,0,1,0,0,0,0
AS AM 111,0,0,0,1,0,0,0,1,0,0,0,1
AS AM 113,0,0,0,0,0,0,0,1,0,0,0,0
AS AM 118,0,0,0,0,0,1,0,1,0,0,0,0
AS AM 119,0,0,0,1,0,0,0,1,0,0,0,0
AS AM 120,0,0,0,0,0,1,0,1,0,0,0,0
AS AM 121,0,0,0,0,0,0,0,1,0,0,0,1
AS AM 122,0,0,0,0,0,0,1,0,0,0,0,1
AS AM 124,0,0,0,0,0,0,0,1,0,0,0,0
AS AM 125,0,0,0,0,0,0,0,1,0,0,0,0
AS AM 127,0,0,0,0,0,1,0,1,0,0,0,0
AS AM 128,0,0,0,0,0,0,1,0,0,0,0,1
AS AM 130,0,0,0,1,0,0,0,1,0,0,0,0
AS AM 131,0,0,0,1,0,0,0,1,0,0,0,1
AS AM 134,0,0,0,0,0,0,0,0,0,0,0,1
AS AM 136,0,0,0,1,0,0,0,1,0,0,0,1
AS AM 137,0,0,0,1,0,0,0,1,0,0,0,1
AS AM 138,0,0,0,0,1,0,0,1,0,0,0,0
AS AM 140,0,0,0,0,0,1,0,1,0,0,0,0
AS AM 146,0,0,0,0,0,1,0,1,0,0,0,0
AS AM 148,0,0,0,0,0,0,0,1,0,0,0,0
AS AM 149,0,0,0,0,0,0,0,1,0,0,0,0
AS AM 154,0,0,0,1,0,0,0,1,0,0,0,0
AS AM 155,0,0,0,1,0,0,0,1,0,0,0,0
AS AM 156,0,0,0,1,0,0,0,1,0,0,0,0
AS AM 157,0,0,0,1,0,0,0,1,0,0,0,0
AS AM 160,0,0,0,0,0,0,0,1,0,0,0,0
AS AM 161,0,0,0,0,1,0,0,1,0,0,0,1
AS AM 162,0,0,0,0,0,0,0,1,0,0,0,0
AS AM 165,0,0,0,1,0,0,0,1,0,0,0,0
AS AM 170KK,0,0,0,0,0,1,0,1,0,0,0,0
AS AM 2,1,0,0,1,0,0,0,1,0,0,0,0
AS AM 3,0,0,0,1,0,0,0,1,0,0,0,0
AS AM 4,0,0,0,0,0,1,0,1,0,0,0,1
AS AM 5,0,0,0,0,0,0,1,1,0,0,0,0
AS AM 7,0,0,0,1,0,0,0,1,0,0,0,0
AS AM 71,0,0,0,0,1,0,0,1,0,0,0,0
AS AM 79,0,0,0,0,0,1,0,0,0,0,0,1
AS AM 8,0,0,0,1,0,0,0,1,0,0,0,0
AS AM 9,0,0,0,1,0,0,0,1,0,0,0,0
AS AMW 1,1,0,0,1,0,0,0,1,0,0,0,0
ASTRO 1,0,0,1,0,0,0,0,0,0,1,0,0
ASTRO 2,0,0,1,0,0,0,0,0,0,1,0,0
ASTROW 1,0,0,1,0,0,0,0,0,0,1,0,0
BL ST 1,1,0,0,1,0,0,0,1,0,0,0,1
BL ST 100,0,0,0,1,0,0,0,0,0,0,0,0
BL ST 102,0,0,0,1,0,0,0,1,0,0,0,1
BL ST 103,1,0,0,1,0,0,0,1,0,0,0,1
BL ST 104,0,0,0,0,1,0,0,0,0,0,1,1
BL ST 108,0,0,0,0,0,0,0,1,0,0,0,0
BL ST 122,0,0,0,1,0,0,0,1,0,0,0,0
BL ST 124,0,0,0,1,0,0,0,0,0,0,0,1
BL ST 125,0,0,0,1,0,0,0,0,0,0,0,1
BL ST 126,0,0,0,0,0,0,1,0,0,0,1,1
BL ST 127,0,0,0,0,0,0,1,1,0,0,0,1
BL ST 129,0,0,0,1,0,0,0,1,0,0,0,1
BL ST 130A,0,0,0,0,1,0,1,0,0,0,1,1
BL ST 130B,0,0,0,0,1,0,1,0,0,0,1,0
BL ST 131,0,0,0,1,0,0,0,1,0,0,0,1
BL ST 137E,1,0,0,0,0,0,0,1,0,0,0,1
BL ST 14,0,0,0,0,0,1,0,1,0,0,0,1
BL ST 142,0,0,0,0,0,1,0,1,0,0,0,0
BL ST 15,0,0,0,1,0,0,0,1,0,0,0,0
BL ST 153,0,0,0,0,0,1,0,0,0,0,0,1
BL ST 160,0,0,0,1,0,0,0,1,0,0,0,1
BL ST 161,0,0,0,0,0,1,0,0,0,0,1,0
BL ST 162,0,0,0,0,0,1,0,0,0,0,1,1
BL ST 169BR,1,0,0,1,0,0,0,1,0,0,0,1
BL ST 169CR,1,0,0,1,0,0,0,1,0,0,0,1
BL ST 170,0,0,0,0,0,1,0,1,0,0,0,1
BL ST 171,0,0,0,1,0,1,0,0,0,0,1,1
BL ST 172,0,0,0,0,0,1,0,1,0,0,0,1
BL ST 174,0,0,0,1,0,0,0,0,0,0,0,1
BL ST 175,0,0,0,0,0,1,0,0,0,0,1,0
BL ST 1H,1,0,0,1,0,0,0,1,0,0,0,1
BL ST 3,0,0,0,0,1,0,0,0,0,0,1,0
BL ST 33,0,0,0,0,0,0,1,0,0,0,1,1
BL ST 38A,0,0,0,0,0,0,1,1,0,0,0,1
BL ST 38B,0,0,0,0,0,0,1,1,0,0,0,1
BL ST 4,0,0,0,1,0,0,0,1,0,0,0,0
BL ST 45,0,0,0,0,0,1,0,0,0,0,0,1
BL ST 49A,0,0,0,0,1,0,0,0,0,0,1,1
BL ST 49B,0,0,0,0,1,0,0,0,0,0,1,1
BL ST 49C,0,0,0,0,1,0,0,0,0,0,1,1
BL ST 5,0,0,0,0,1,0,0,0,0,0,1,1
BL ST 50,0,0,0,0,1,0,0,1,0,0,0,1
BL ST 6,1,0,0,1,0,0,0,1,0,0,0,1
BL ST 6H,1,0,0,1,0,0,0,1,0,0,0,1
BL ST 7,0,0,0,0,1,0,0,0,0,0,1,1
C LIT 100,0,0,0,0,0,0,1,0,0,0,0,1
C LIT 101,0,0,0,0,1,0,0,0,0,0,0,0
C LIT 103,0,0,0,0,0,0,1,0,0,0,0,1
C LIT 107,0,0,0,0,0,0,1,0,0,0,0,1
C LIT 113,0,0,0,0,1,0,1,0,0,0,0,1
C LIT 114,0,0,0,0,0,0,1,0,1,0,0,1
C LIT 115,0,0,0,0,0,0,1,0,0,0,1,1
C LIT 119,0,0,0,1,1,0,0,0,0,0,0,1
C LIT 122A,0,0,0,0,1,0,1,0,0,0,0,1
C LIT 122B,0,0,0,0,0,0,1,0,0,0,0,1
C LIT 126,0,0,0,0,0,0,1,0,0,0,1,1
C LIT 128A,0,0,0,0,0,0,1,0,0,0,0,1
C LIT 130,0,0,0,0,0,0,1,1,0,0,0,1
C LIT 133,1,0,0,0,0,0,1,0,0,0,0,1
C LIT 134,0,0,0,0,1,0,0,0,1,0,0,1
C LIT 152,0,0,0,0,1,0,0,0,0,1,0,0
C LIT 153,0,0,0,0,0,0,1,1,0,0,0,1
C LIT 153B,0,0,0,0,0,0,1,0,0,0,0,1
C LIT 154,0,0,0,0,0,0,1,0,0,0,0,1
C LIT 154I,0,0,0,0,1,0,1,0,0,0,0,1
C LIT 155,0,0,0,0,1,0,0,0,0,0,0,0
C LIT 161,0,0,0,0,0,0,1,0,0,0,0,1
C LIT 170,0,0,0,0,0,0,1,0,0,0,0,1
C LIT 171,0,0,0,0,1,0,1,0,0,0,1,1
C LIT 175A,0,0,0,0,0,0,1,0,0,0,1,1
C LIT 179A,0,0,0,0,1,0,1,0,0,0,0,1
C LIT 179B,0,0,0,0,0,0,1,0,0,0,0,1
C LIT 179C,0,0,0,0,0,0,1,0,0,0,0,1
C LIT 181A,0,0,0,0,1,0,0,0,0,0,0,1
C LIT 181B,0,0,0,0,1,0,0,0,0,0,0,1
C LIT 183,0,0,0,0,1,0,1,0,0,0,0,0
C LIT 184A,0,0,0,0,0,1,0,1,0,0,0,0
C LIT 184C,0,0,0,0,0,0,1,0,0,0,1,0
C LIT 185,0,0,0,0,1,0,0,0,0,0,0,1
C LIT 186AD,0,0,0,0,0,0,1,0,0,0,0,0
C LIT 186EE,0,0,0,0,0,0,1,0,0,0,0,1
C LIT 186FF,0,0,0,0,0,1,0,0,0,0,0,0
C LIT 186FL,0,0,0,1,0,0,0,0,1,0,0,1
C LIT 186G,0,0,0,0,0,0,1,0,0,0,0,1
C LIT 186IR,0,0,0,1,0,0,0,0,0,0,0,1
C LIT 186RR,0,0,0,0,1,0,0,0,0,0,0,1
C LIT 187,0,0,0,0,0,0,1,0,0,0,0,1
C LIT 188,0,0,0,0,0,0,1,0,0,0,0,0
C LIT 189,0,0,0,0,0,0,1,0,0,0,0,1
C LIT 190A,0,0,0,0,1,0,0,0,0,0,0,1
C LIT 191,0,0,0,0,0,0,1,0,0,0,0,0
C LIT 27,0,0,1,0,1,0,0,0,0,0,0,0
C LIT 28,0,0,0,0,1,0,0,0,0,0,0,1
C LIT 29,0,0,0,0,0,0,1,1,0,0,0,1
C LIT 30A,0,0,0,0,1,0,1,0,1,0,0,1
C LIT 30B,0,0,0,0,1,0,1,0,1,0,0,1
C LIT 30C,0,0,0,0,1,0,1,0,1,0,0,1
C LIT 31,0,0,0,0,0,0,1,0,0,0,1,1
C LIT 32,0,0,0,0,0,0,1,0,0,0,1,1
C LIT 33,0,0,0,0,0,0,1,0,0,0,1,1
C LIT 34,0,0,0,0,0,0,1,0,0,0,0,1
C LIT 35,0,0,0,0,1,0,0,0,0,0,0,1
C LIT 36,0,0,0,0,0,0,0,0,0,0,1,1
C LIT 43A,0,0,0,0,1,0,0,0,0,0,0,1
C LIT 50,0,0,0,0,1,0,0,0,1,0,0,1
C LIT 50A,0,0,0,0,1,0,0,0,1,0,0,1
C LIT 50B,0,0,0,0,1,0,0,0,1,0,0,0
C LIT 50C,0,0,0,0,1,0,0,0,1,0,0,1
C LIT 82,0,0,0,0,1,0,1,0,0,0,1,1
CH ST 113,0,0,0,0,1,0,0,0,0,0,1,0
CH ST 114,0,0,0,1,0,0,0,0,0,0,0,0
CH ST 124G,0,0,0,1,0,0,0,1,0,0,0,0
CH ST 125B,0,0,0,0,0,1,0,1,0,0,0,0
CH ST 13,0,0,0,0,1,0,0,0,0,0,1,0
CH ST 137,0,0,0,1,0,0,0,1,0,0,0,0
CH ST 138,0,0,0,0,0,1,0,1,0,0,0,0
CH ST 139,0,0,0,0,0,0,0,1,0,0,0,0
CH ST 140,0,0,0,1,0,0,0,1,0,0,0,0
CH ST 144,1,0,0,1,0,0,0,1,0,0,0,1
CH ST 148,0,0,0,0,0,1,0,1,0,0,0,0
CH ST 151,0,0,0,1,0,0,0,1,0,0,0,0
CH ST 152,0,0,0,0,0,0,1,1,0,0,0,1
CH ST 168A,1,0,0,1,0,0,0,1,0,0,0,0
CH ST 168B,1,0,0,1,0,0,0,1,0,0,0,0
CH ST 168E,0,0,0,0,0,0,0,1,0,0,0,0
CH ST 168F,0,0,0,0,0,0,0,1,0,0,0,0
CH ST 171,0,0,0,0,0,0,0,1,0,0,0,0
CH ST 172,0,0,0,1,0,0,0,1,0,0,0,1
CH ST 173,0,0,0,1,0,0,0,1,0,0,0,0
CH ST 174,1,0,0,1,0,0,0,1,0,0,0,0
CH ST 175,0,0,0,1,0,0,0,1,0,0,0,1
CH ST 176,0,0,0,1,0,0,0,0,0,0,0,0
CH ST 178A,0,0,0,1,0,0,0,1,0,0,0,0
CH ST 179,0,0,0,1,0,0,0,0,0,0,0,1
CH ST 180,0,0,0,0,0,0,1,1,0,0,0,1
CH ST 180H,0,0,0,0,0,0,1,1,0,0,0,1
CH ST 181,0,0,0,0,0,0,1,1,0,0,0,1
CH ST 184A,0,0,0,0,0,0,1,1,0,0,0,1
CH ST 187,0,0,0,1,0,0,0,1,0,0,0,1
CH ST 188C,1,0,0,0,0,1,0,1,0,0,0,0
CH ST 189,0,0,0,0,0,0,0,1,0,0,0,0
CH ST 1A,1,0,0,1,0,0,0,1,0,0,0,1
CH ST 1B,1,0,0,1,0,0,0,1,0,0,0,1
CH ST 1C,1,0,0,1,0,0,0,1,0,0,0,1
CH STW 1B,1,0,0,1,0,0,0,1,0,0,0,1
CHEM 1A,0,0,1,0,0,0,0,0,0,1,0,0
CHEM 1AL,0,0,1,0,0,0,0,0,0,1,0,0
CHEM 25,0,0,1,0,0,0,0,0,0,1,0,0
CHEM 2A,0,0,1,0,0,0,0,0,0,1,0,0
CHEM 2AC,0,0,1,0,0,0,0,0,0,1,0,0
CHEM 3A,0,0,1,0,0,0,0,0,0,0,0,0
CHIN 124A,0,0,0,0,0,0,1,0,0,0,1,1
CHIN 132A,0,0,0,0,0,0,1,0,0,0,1,1
CHIN 134D,0,0,0,0,0,1,0,0,0,0,1,0
CHIN 148,0,0,0,0,1,0,1,0,0,0,1,0
CHIN 170,0,0,0,0,0,1,0,0,0,0,1,1
CHIN 176,0,0,0,0,0,1,0,0,0,0,1,0
CHIN 183B,0,0,0,0,1,0,0,0,0,0,1,0
CHIN 185A,0,0,0,0,1,0,0,0,0,0,1,1
CHIN 185B,0,0,0,0,1,0,0,0,0,0,1,1
CHIN 3,0,1,0,0,0,0,0,0,0,0,0,0
CHIN 32,0,0,0,0,1,0,0,0,0,0,1,0
CHIN 3NH,0,1,0,0,0,0,0,0,0,0,0,0
CHIN 4,0,1,0,0,0,0,0,0,0,0,0,0
CHIN 40,0,0,0,0,0,1,0,0,0,0,1,1
CHIN 48,0,0,0,0,1,0,0,0,0,0,1,1
CHIN 4NH,0,1,0,0,0,0,0,0,0,0,0,0
CHIN 5,0,1,0,0,0,0,0,0,0,0,0,0
CHIN 5NH,0,1,0,0,0,0,0,0,0,0,0,0
CHIN 6,0,1,0,0,0,0,0,0,0,0,0,0
CHIN 80,0,0,0,0,0,0,1,0,0,0,0,0
CHIN 82,0,0,0,0,1,0,1,0,0,0,1,1
CHIN W 80,0,0,0,0,0,0,1,0,0,0,0,0
CLASS 101,0,0,0,0,1,0,0,0,1,0,0,0
CLASS 102,0,0,0,0,0,1,1,0,1,0,0,1
CLASS 106,0,0,0,0,1,0,0,0,1,0,0,1
CLASS 109,0,0,0,0,0,0,1,0,1,0,0,1
CLASS 110,0,0,0,0,0,0,1,0,1,0,0,1
CLASS 130,0,0,0,0,0,0,1,0,1,0,0,0
CLASS 140,0,0,0,0,1,0,0,0,1,0,0,0
CLASS 150,0,0,0,0,1,0,0,0,1,0,0,0
CLASS 151,0,0,0,0,1,0,0,0,0,0,0,0
CLASS 152,0,0,0,0,1,0,0,0,1,0,0,0
CLASS 165,0,0,0,0,0,1,0,0,1,0,0,0
CLASS 170,0,0,0,0,0,1,0,0,1,0,0,0
CLASS 171,0,0,0,0,1,0,0,0,1,0,0,1
CLASS 175,0,0,0,0,0,0,1,0,1,0,0,1
CLASS 20A,0,0,0,0,0,0,1,0,1,0,0,0
CLASS 20B,0,0,0,0,1,0,0,0,1,0,0,0
CLASS 36,0,0,0,0,0,0,1,0,1,0,0,0
CLASS 39,0,0,0,0,0,0,1,0,1,0,0,1
CLASS 40,0,0,0,0,0,0,1,0,1,0,0,0
CLASS 50,0,0,0,0,1,0,0,0,1,0,0,0
CLASS 55,0,0,0,0,0,0,1,0,1,0,0,1
CLASS 60,0,0,0,0,0,0,0,0,1,0,0,0
CMPSC 4,0,0,1,0,0,0,0,0,0,0,0,0
CMPSC 5A,0,0,1,0,0,0,0,0,0,1,0,0
CMPSC 5B,0,0,1,0,0,0,0,0,0,1,0,0
CMPSC 8,0,0,1,0,0,0,0,0,0,1,0,0
CMPSCW 8,0,0,1,0,0,0,0,0,0,1,0,0
CNCSP 101,0,0,0,0,0,0,0,0,0,0,0,1
COMM 1,0,0,0,1,0,0,0,0,0,0,0,1
COMM 130,0,0,0,0,0,0,0,0,0,0,0,1
COMM 137,0,0,0,0,0,0,0,0,0,0,0,1
COMM 153,0,0,0,0,0,0,0,0,0,0,0,1
COMM 87,0,0,1,0,0,0,0,0,0,1,0,0
Course &,0,0,0,1,0,0,0,0,0,0,0,0
DANCE 145B,0,0,0,0,0,1,0,0,0,0,0,1
DANCE 35,0,0,0,0,0,1,0,0,0,0,1,0
DANCE 36,0,0,0,0,0,1,0,0,0,0,0,1
DANCE 45,0,0,0,0,0,1,0,0,0,0,0,0
DANCEW 36,0,0,0,0,0,1,0,0,0,0,0,1
EACS 103A,0,0,0,1,0,0,0,0,0,0,1,0
EACS 103B,0,0,0,1,0,0,0,0,0,0,1,0
EACS 103C,0,0,0,1,0,0,0,0,0,0,1,0
EACS 128,0,0,0,0,1,0,0,0,0,0,1,0
EACS 134A,0,0,0,0,0,1,0,0,0,0,1,0
EACS 140,0,0,0,1,0,0,0,1,0,0,0,0
EACS 156A,0,0,0,1,0,0,0,0,0,0,1,0
EACS 21,0,0,0,0,1,0,0,0,0,0,1,1
EACS 3,0,0,0,0,1,0,0,0,0,0,1,1
EACS 40,0,0,0,1,0,0,0,0,0,0,1,0
EACS 4A,0,0,0,0,1,0,0,0,0,0,1,1
EACS 4B,0,0,0,0,1,0,0,0,0,0,1,1
EACS 5,0,0,0,0,1,0,0,0,0,0,1,1
EACS 7,0,0,0,0,1,0,0,0,0,0,1,0
EACS 80,0,0,0,0,1,0,0,0,0,0,1,1
EARTH 1,0,0,1,0,0,0,0,0,0,1,0,0
EARTH 10,0,0,1,0,0,0,0,0,0,1,0,0
EARTH 104A,0,0,0,0,0,0,0,0,0,0,0,1
EARTH 104B,0,0,0,0,0,0,0,0,0,0,0,1
EARTH 11,0,0,1,0,0,0,0,0,0,1,0,0
EARTH 111,0,0,1,0,0,0,0,0,0,0,0,0
EARTH 117,0,0,0,0,0,0,0,0,0,0,0,1
EARTH 123,0,0,1,0,0,0,0,0,0,1,0,1
EARTH 130,0,0,1,0,0,0,0,0,0,1,0,1
EARTH 161,0,0,1,0,0,0,0,0,0,0,0,0
EARTH 2,0,0,1,0,0,0,0,0,0,1,0,0
EARTH 20,0,0,1,0,0,0,0,0,0,1,0,0
EARTH 30,0,0,1,0,0,0,0,0,0,0,0,0
EARTH 4,0,0,1,0,0,0,0,0,0,1,0,0
EARTH 6,0,0,1,0,0,0,0,0,0,0,0,1
EARTH 7,0,0,1,0,0,0,0,0,0,1,0,0
EARTH 8,0,0,1,0,0,0,0,0,0,0,0,0
EARTH 9,0,0,1,0,0,0,0,0,0,1,0,0
EARTHW 20,0,0,1,0,0,0,0,0,0,1,0,0
ECON 1,0,0,0,1,0,0,0,0,0,0,0,0
ECON 107A,0,0,0,0,0,0,0,0,0,0,0,1
ECON 117A,0,0,0,0,0,0,0,0,0,0,0,1
ECON 2,0,0,0,1,0,0,0,0,0,0,0,0
ECON 9,0,0,0,1,0,0,0,0,0,0,0,0
ED 20,0,0,0,0,0,0,0,0,0,0,0,1
EEMB 134,0,0,0,0,0,0,0,0,0,0,0,1
EEMB 135,0,0,0,0,0,0,0,0,0,0,0,1
EEMB 136,0,0,1,0,0,0,0,0,0,0,0,0
EEMB 138,0,0,0,0,0,0,0,0,0,0,0,1
EEMB 142BL,0,0,0,0,0,0,0,0,0,0,0,1
EEMB 142CL,0,0,0,0,0,0,0,0,0,0,0,1
EEMB 179,0,0,0,0,0,0,0,0,0,0,0,1
EEMB 21,0,0,1,0,0,0,0,0,0,0,0,0
EEMB 22,0,0,1,0,0,0,0,0,0,0,0,0
EEMB 23,0,0,1,0,0,0,0,0,0,0,0,0
EEMB 3,0,0,1,0,0,0,0,0,0,0,0,0
EEMB 40,0,0,1,0,0,0,0,0,0,0,0,0
EEMB 50,0,0,1,0,0,0,0,0,0,0,0,0
EEMB W 22,0,0,1,0,0,0,0,0,0,0,0,0
ENGL 101,0,0,0,0,0,0,1,0,0,0,0,0
ENGL 102BA,0,0,0,0,0,0,1,0,0,0,0,1
ENGL 103A,0,0,0,0,0,0,1,0,0,0,0,1
ENGL 103B,0,0,0,0,0,0,1,0,0,0,0,1
ENGL 103WT,0,0,0,0,0,0,1,0,0,0,0,1
ENGL 104A,0,0,0,0,0,0,1,0,0,0,0,1
ENGL 104B,0,0,0,0,0,0,1,0,0,0,0,1
ENGL 105A,0,0,0,0,0,0,1,0,0,0,0,1
ENGL 105B,0,0,0,0,0,0,1,0,0,0,0,1
ENGL 113LC,0,0,0,0,0,0,1,0,0,0,0,1
ENGL 113MI,0,0,0,0,0,0,1,0,0,0,0,1
ENGL 113PS,0,0,0,0,0,0,1,0,0,0,0,1
ENGL 114AA,0,0,0,0,0,0,1,0,0,0,0,1
ENGL 114AF,0,0,0,0,0,0,1,0,0,0,0,1
ENGL 114BW,0,0,0,0,0,0,1,1,0,0,0,1
ENGL 114EM,0,0,0,0,0,0,1,0,0,0,0,1
ENGL 114FE,0,0,0,0,0,0,1,0,0,0,0,1
ENGL 114GT,0,0,0,0,0,0,1,0,0,0,0,1
ENGL 114I,0,0,0,0,0,0,1,0,0,0,0,1
ENGL 114MW,0,0,0,0,0,0,1,0,0,0,0,1
ENGL 114PC,0,0,0,0,0,0,1,0,0,0,0,1
ENGL 114RW,0,0,0,0,0,0,1,0,0,0,0,1
ENGL 114TN,0,0,0,0,0,0,1,0,0,0,0,1
ENGL 114WB,0,0,0,0,0,0,1,0,0,0,0,1
ENGL 114WC,0,0,0,0,0,0,1,0,0,0,0,1
ENGL 114WR,0,0,0,0,0,0,1,0,0,0,0,1
ENGL 115,0,0,0,0,0,0,1,0,0,0,0,1
ENGL 116A,0,0,0,0,0,0,1,0,0,0,0,1
ENGL 116B,0,0,0,0,0,0,1,0,0,0,0,1
ENGL 119,0,0,0,0,0,0,1,0,0,0,0,1
ENGL 119X,0,0,0,0,0,0,1,0,0,0,0,1
ENGL 120,0,0,0,0,0,0,1,0,0,0,0,1
ENGL 121,0,0,0,0,0,0,1,0,0,0,0,1
ENGL 122AA,0,0,0,0,0,0,1,0,0,0,0,1
ENGL 122AP,0,0,0,0,0,0,1,0,0,0,0,1
ENGL 122BC,0,0,0,0,0,0,1,0,0,0,0,1
ENGL 122BH,0,0,0,0,0,0,1,0,0,0,0,1
ENGL 122CC,0,0,0,0,0,0,1,0,0,0,0,1
ENGL 122CD,0,0,0,0,0,0,1,0,0,0,0,1
ENGL 122CF,0,0,0,0,0,0,1,0,0,0,0,1
ENGL 122CL,0,0,0,0,0,0,1,0,0,0,0,1
ENGL 122CM,0,0,0,0,0,0,1,0,0,0,0,1
ENGL 122CR,0,0,0,0,0,0,1,0,0,0,0,1
ENGL 122CS,0,0,0,0,0,0,1,0,0,0,0,1
ENGL 122CU,0,0,0,0,0,0,1,0,0,0,0,1
ENGL 122EA,0,0,0,0,0,0,1,0,0,0,0,1
ENGL 122EC,0,0,0,0,0,0,1,0,0,0,0,1
ENGL 122EE,0,0,0,0,0,0,1,0,0,0,0,1
ENGL 122EN,0,0,0,0,0,0,1,0,0,0,0,1
ENGL 122FC,0,0,0,0,0,0,1,0,0,0,0,1
ENGL 122FE,0,0,0,0,0,0,1,0,0,0,0,1
ENGL 122FR,0,0,0,0,0,0,1,0,0,0,0,1
ENGL 122GW,0,0,0,0,0,0,1,0,0,0,0,1
ENGL 122IL,0,0,0,0,0,0,1,0,0,0,0,1
ENGL 122LE,0,0,0,0,0,0,1,0,0,0,0,1
ENGL 122LJ,0,0,0,0,0,0,1,0,0,0,0,1
ENGL 122MD,0,0,0,0,0,0,1,0,0,0,0,1
ENGL 122ME,0,0,0,0,0,0,1,0,0,0,0,1
ENGL 122MM,0,0,0,0,0,0,1,0,0,0,0,1
ENGL 122NE,0,0,0,0,0,0,1,0,0,0,0,1
ENGL 122NR,0,0,0,0,0,0,1,0,0,0,0,1
ENGL 122NW,0,0,0,0,0,0,1,0,0,0,0,1
ENGL 122PW,0,0,0,0,0,0,1,0,0,0,0,1
ENGL 122RC,0,0,0,0,0,0,1,0,0,0,0,1
ENGL 122RE,0,0,0,0,0,0,1,0,0,0,0,1
ENGL 122RH,0,0,0,0,0,0,1,0,0,0,0,1
ENGL 122RM,0,0,0,0,0,0,1,0,0,0,0,1
ENGL 122RS,0,0,0,0,0,0,1,0,0,0,0,1
ENGL 122RT,0,0,0,0,0,0,1,0,0,0,0,1
ENGL 122RW,0,0,0,0,0,0,1,0,0,0,0,1
ENGL 122RX,0,0,0,0,0,0,1,0,0,0,0,1
ENGL 122SA,0,0,0,0,0,0,1,0,0,0,0,1
ENGL 122SN,0,0,0,0,0,0,1,0,0,0,0,1
ENGL 122SR,0,0,0,0,0,0,1,0,0,0,0,1
ENGL 122SW,0,0,0,0,0,0,1,0,0,0,0,1
ENGL 122UE,0,0,0,0,0,0,1,0,0,0,0,1
ENGL 122UK,0,0,0,0,0,0,1,0,0,0,0,1
ENGL 122UM,0,0,0,0,0,0,1,0,0,0,0,1
ENGL 122WE,0,0,0,0,0,0,1,0,0,0,0,1
ENGL 124,0,0,0,0,0,0,1,0,0,0,0,1
ENGL 126B,0,0,0,0,0,0,1,0,0,0,0,1
ENGL 128AA,0,0,0,0,0,0,1,0,0,0,0,1
ENGL 128AF,0,0,0,0,0,0,1,0,0,0,0,1
ENGL 128AN,0,0,0,0,0,0,1,0,0,0,0,1
ENGL 128AU,0,0,0,0,0,0,1,0,0,0,0,1
ENGL 128CM,0,0,0,0,0,0,1,0,0,0,0,1
ENGL 128CO,0,0,0,0,0,0,1,0,0,0,0,1
ENGL 128CP,0,0,0,0,0,0,1,0,0,0,0,1
ENGL 128ED,0,0,0,0,0,0,1,0,0,0,0,1
ENGL 128EN,0,0,0,0,0,0,1,0,0,0,0,1
ENGL 128FT,0,0,0,0,0,0,1,0,0,0,0,1
ENGL 128GN,0,0,0,0,0,0,1,0,0,0,0,1
ENGL 128ML,0,0,0,0,0,0,1,0,0,0,0,1
ENGL 128MM,0,0,0,0,0,0,1,0,0,0,0,1
ENGL 128NA,0,0,0,0,0,0,1,0,0,0,0,1
ENGL 128NE,0,0,0,0,0,0,1,0,0,0,0,1
ENGL 128PH,0,0,0,0,0,0,1,0,0,0,0,1
ENGL 128PM,0,0,0,0,0,0,1,0,0,0,0,1
ENGL 128PT,0,0,0,0,0,0,1,0,0,0,0,1
ENGL 128RM,0,0,0,0,0,0,1,0,0,0,0,1
ENGL 128RT,0,0,0,0,0,0,1,0,0,0,0,1
ENGL 128SA,0,0,0,0,0,0,1,0,0,0,0,1
ENGL 128SC,0,0,0,0,0,0,1,0,0,0,0,1
ENGL 128SN,0,0,0,0,0,0,1,0,0,0,0,1
ENGL 128SS,0,0,0,0,0,0,1,0,0,0,0,1
ENGL 128T,0,0,0,0,0,0,1,0,0,0,0,1
ENGL 128TR,0,0,0,0,0,0,1,0,0,0,0,1
ENGL 128ZZ,0,0,0,0,0,0,1,0,0,0,0,1
ENGL 131AR,0,0,0,0,0,0,1,0,0,0,0,1
ENGL 131AW,0,0,0,0,0,0,1,0,0,0,0,1
ENGL 131BR,0,0,0,0,0,0,1,0,0,0,0,1
ENGL 131GT,0,0,0,0,0,0,1,0,0,0,0,1
ENGL 131HF,0,0,0,0,0,0,1,0,0,0,0,1
ENGL 131IS,0,0,0,0,0,0,1,0,0,0,0,1
ENGL 131NS,0,0,0,0,0,0,1,0,0,0,0,1
ENGL 131SI,0,0,0,0,0,0,1,0,0,0,0,1
ENGL 131ZZ,0,0,0,0,0,0,1,0,0,0,0,1
ENGL 133BB,1,0,0,0,0,0,1,0,0,0,0,1
ENGL 133CL,1,0,0,0,0,0,1,0,0,0,0,1
ENGL 133GC,1,0,0,0,0,0,1,0,0,0,0,1
ENGL 133GP,1,0,0,0,0,0,1,0,0,0,0,1
ENGL 133MV,1,0,0,0,0,0,1,0,0,0,0,1
ENGL 133PL,1,0,0,0,0,0,1,0,0,0,0,1
ENGL 133SA,1,0,0,0,0,0,1,0,0,0,0,1
ENGL 133SO,1,0,0,0,0,0,1,0,0,0,0,1
ENGL 133TL,1,0,0,0,0,0,1,0,0,0,0,1
ENGL 134AA,1,0,0,0,0,0,1,1,0,0,0,1
ENGL 134AD,1,0,0,0,0,0,1,1,0,0,0,1
ENGL 134AL,1,0,0,0,0,0,1,1,0,0,0,1
ENGL 134BB,1,0,0,0,0,0,1,1,0,0,0,1
ENGL 134BL,1,0,0,0,0,0,1,1,0,0,0,1
ENGL 134CA,0,0,0,0,0,0,1,1,0,0,0,1
ENGL 134CI,1,0,0,0,0,0,1,1,0,0,0,1
ENGL 134CR,1,0,0,0,0,0,1,1,0,0,0,1
ENGL 134FC,1,0,0,0,0,0,1,1,0,0,0,1
ENGL 134IA,0,0,0,0,0,0,0,0,0,0,0,1
ENGL 134IA 20C,1,0,0,0,0,0,1,1,0,0,0,0
ENGL 134IB,1,0,0,0,0,0,1,1,0,0,0,1
ENGL 134IR,1,0,0,0,0,0,1,1,0,0,0,1
ENGL 134LC,1,0,0,0,0,0,1,1,0,0,0,1
ENGL 134LI,1,0,0,0,0,0,1,1,0,0,0,1
ENGL 134LL,1,0,0,0,0,0,1,0,0,0,0,1
ENGL 134MD,1,0,0,0,0,0,1,1,0,0,0,1
ENGL 134MP,1,0,0,0,0,0,1,1,0,0,0,1
ENGL 134NA,1,0,0,0,0,0,1,1,0,0,0,1
ENGL 134NM,1,0,0,0,0,0,1,1,0,0,0,1
ENGL 134PC,1,0,0,0,0,0,1,1,0,0,0,1
ENGL 134RJ,1,0,0,0,0,0,1,1,0,0,0,1
ENGL 134RR,1,0,0,0,0,0,1,1,0,0,0,1
ENGL 134RS,1,0,0,0,0,0,1,1,0,0,0,1
ENGL 134TC,1,0,0,0,0,0,1,1,0,0,0,1
ENGL 134TR,1,0,0,0,0,0,1,1,0,0,0,1
ENGL 134XX,1,0,0,0,0,0,1,1,0,0,0,1
ENGL 136,0,0,0,0,0,0,1,0,0,0,0,0
ENGL 137A,1,0,0,0,0,0,1,0,0,0,0,1
ENGL 137B,1,0,0,0,0,0,1,0,0,0,0,1
ENGL 141MC,0,0,0,0,1,0,1,0,0,0,1,1
ENGL 15,0,0,0,0,0,0,1,0,0,0,0,1
ENGL 150,0,0,0,0,0,0,1,0,0,0,0,1
ENGL 152A,0,0,0,0,0,0,1,0,0,0,0,1
ENGL 156,0,0,0,0,0,0,1,0,0,0,0,1
ENGL 157,0,0,0,0,0,0,1,0,0,0,0,1
ENGL 15SH,0,0,0,0,0,1,1,0,0,0,0,0
ENGL 162,0,0,0,0,0,0,1,0,0,0,0,1
ENGL 165AA,0,0,0,0,0,0,1,0,0,0,0,0
ENGL 165AAERATUR,0,0,0,0,0,0,0,0,0,0,0,1
ENGL 165AC,0,0,0,0,0,0,1,0,0,0,0,0
ENGL 165ACERATUR,0,0,0,0,0,0,0,0,0,0,0,1
ENGL 165AD,0,0,0,0,0,0,1,0,0,0,0,1
ENGL 165AE,0,0,0,0,0,0,1,0,0,0,0,1
ENGL 165AM,0,0,0,0,0,0,1,0,0,0,0,0
ENGL 165AMERATUR,0,0,0,0,0,0,0,0,0,0,0,1
ENGL 165AN,0,0,0,0,0,0,1,0,0,0,0,0
ENGL 165ANERATUR,0,0,0,0,0,0,0,0,0,0,0,1
ENGL 165AR,0,0,0,0,0,0,1,0,0,0,0,0
ENGL 165ARERATUR,0,0,0,0,0,0,0,0,0,0,0,1
ENGL 165AS,0,0,0,0,0,0,1,0,0,0,0,0
ENGL 165ASERATUR,0,0,0,0,0,0,0,0,0,0,0,1
ENGL 165AT,0,0,0,0,0,0,1,0,0,0,0,0
ENGL 165ATERATUR,0,0,0,0,0,0,0,0,0,0,0,1
ENGL 165BA,0,0,0,0,0,0,1,0,0,0,0,0
ENGL 165BAERATUR,0,0,0,0,0,0,0,0,0,0,0,1
ENGL 165BB,0,0,0,0,0,0,1,0,0,0,0,0
ENGL 165BBERATUR,0,0,0,0,0,0,0,0,0,0,0,1
ENGL 165BW,0,0,0,0,0,0,1,0,0,0,0,0
ENGL 165BWERATUR,0,0,0,0,0,0,0,0,0,0,0,1
ENGL 165CB,0,0,0,0,0,0,1,0,0,0,0,0
ENGL 165CBERATUR,0,0,0,0,0,0,0,0,0,0,0,1
ENGL 165CC,0,0,0,0,0,0,1,0,0,0,0,0
ENGL 165CCERATUR,0,0,0,0,0,0,0,0,0,0,0,1
ENGL 165CD,0,0,0,0,0,0,1,0,0,0,0,0
ENGL 165CDERATUR,0,0,0,0,0,0,0,0,0,0,0,1
ENGL 165CI,0,0,0,0,0,0,1,0,0,0,0,0
ENGL 165CIERATUR,0,0,0,0,0,0,0,0,0,0,0,1
ENGL 165CL,0,0,0,0,0,0,1,0,0,0,0,0
ENGL 165CLERATUR,0,0,0,0,0,0,0,0,0,0,0,1
ENGL 165CP,0,0,0,0,0,0,1,0,0,0,0,0
ENGL 165CPERATUR,0,0,0,0,0,0,0,0,0,0,0,1
ENGL 165CT,0,0,0,0,0,0,1,0,0,0,0,1
ENGL 165CY,0,0,0,0,0,0,1,0,0,0,0,0
ENGL 165CYERATUR,0,0,0,0,0,0,0,0,0,0,0,1
ENGL 165DD,0,0,0,0,0,0,1,0,0,0,0,0
ENGL 165DDERATUR,0,0,0,0,0,0,0,0,0,0,0,1
ENGL 165DL,0,0,0,0,0,0,1,0,0,0,0,0
ENGL 165DLERATUR,0,0,0,0,0,0,0,0,0,0,0,1
ENGL 165DP,0,0,0,0,0,0,1,0,0,0,0,0
ENGL 165DPERATUR,0,0,0,0,0,0,0,0,0,0,0,1
ENGL 165EB,0,0,0,0,0,0,1,0,0,0,0,0
ENGL 165EBERATUR,0,0,0,0,0,0,0,0,0,0,0,1
ENGL 165EE,0,0,0,0,0,0,1,0,0,0,0,0
ENGL 165EEERATUR,0,0,0,0,0,0,0,0,0,0,0,1
ENGL 165EF,0,0,0,0,0,0,1,0,0,0,0,0
ENGL 165EFERATUR,0,0,0,0,0,0,0,0,0,0,0,1
ENGL 165EM,0,0,0,0,0,0,1,0,0,0,0,1
ENGL 165EN,0,0,0,0,0,0,1,0,0,0,0,0
ENGL 165ENERATUR,0,0,0,0,0,0,0,0,0,0,0,1
ENGL 165EW,0,0,0,0,0,0,1,0,0,0,0,0
ENGL 165EWERATUR,0,0,0,0,0,0,0,0,0,0,0,1
ENGL 165FF,0,0,0,0,0,0,1,0,0,0,0,0
ENGL 165FFERATUR,0,0,0,0,0,0,0,0,0,0,0,1
ENGL 165FL,0,0,0,0,0,0,1,0,0,0,0,0
ENGL 165FLERATUR,0,0,0,0,0,0,0,0,0,0,0,1
ENGL 165FS,0,0,0,0,0,0,1,0,0,0,0,0
ENGL 165FSERATUR,0,0,0,0,0,0,0,0,0,0,0,1
ENGL 165GL,0,0,0,0,0,0,1,0,0,0,0,0
ENGL 165GLERATUR,0,0,0,0,0,0,0,0,0,0,0,1
ENGL 165GN,0,0,0,0,0,0,1,0,0,0,0,1
ENGL 165GS,0,0,0,0,0,0,1,0,0,0,0,0
ENGL 165GSERATUR,0,0,0,0,0,0,0,0,0,0,0,1
ENGL 165HE,0,0,0,0,0,0,1,0,0,0,0,0
ENGL 165HEERATUR,0,0,0,0,0,0,0,0,0,0,0,1
ENGL 165HN,0,0,0,0,0,0,1,0,0,0,0,0
ENGL 165HNERATUR,0,0,0,0,0,0,0,0,0,0,0,1
ENGL 165HR,0,0,0,0,0,0,1,0,0,0,0,0
ENGL 165HRERATUR,0,0,0,0,0,0,0,0,0,0,0,1
ENGL 165HS,0,0,0,0,0,0,1,0,0,0,0,0
ENGL 165HSERATUR,0,0,0,0,0,0,0,0,0,0,0,1
ENGL 165IB,0,0,0,0,0,0,1,0,0,0,0,0
ENGL 165IBERATUR,0,0,0,0,0,0,0,0,0,0,0,1
ENGL 165IF,0,0,0,0,0,0,1,0,0,0,0,0
ENGL 165IFERATUR,0,0,0,0,0,0,0,0,0,0,0,1
ENGL 165JT,0,0,0,0,0,0,1,0,0,0,0,0
ENGL 165JTERATUR,0,0,0,0,0,0,0,0,0,0,0,1
ENGL 165JW,0,0,0,0,0,0,1,0,0,0,0,1
ENGL 165LA,0,0,0,0,0,0,1,0,0,0,0,0
ENGL 165LAERATUR,0,0,0,0,0,0,0,0,0,0,0,1
ENGL 165LB,0,0,0,0,0,0,1,0,0,0,0,0
ENGL 165LBERATUR,0,0,0,0,0,0,0,0,0,0,0,1
ENGL 165LE,0,0,0,0,0,0,1,0,0,0,0,0
ENGL 165LEERATUR,0,0,0,0,0,0,0,0,0,0,0,1
ENGL 165LF,0,0,0,0,0,0,1,0,0,0,0,0
ENGL 165LFERATUR,0,0,0,0,0,0,0,0,0,0,0,1
ENGL 165LG,0,0,0,0,0,0,1,0,0,0,0,0
ENGL 165LGERATUR,0,0,0,0,0,0,0,0,0,0,0,1
ENGL 165LP,0,0,0,0,0,0,1,0,0,0,0,1
ENGL 165LR,0,0,0,0,0,0,1,0,0,0,0,0
ENGL 165LRERATUR,0,0,0,0,0,0,0,0,0,0,0,1
ENGL 165LV,0,0,0,0,0,0,1,0,0,0,0,0
ENGL 165LVERATUR,0,0,0,0,0,0,0,0,0,0,0,1
ENGL 165LW,0,0,0,0,0,0,1,0,0,0,0,0
ENGL 165LWERATUR,0,0,0,0,0,0,0,0,0,0,0,1
ENGL 165LY,0,0,0,0,0,0,1,0,0,0,0,0
ENGL 165LYERATUR,0,0,0,0,0,0,0,0,0,0,0,1
ENGL 165MA,0,0,0,0,0,0,1,0,0,0,0,0
ENGL 165MAERATUR,0,0,0,0,0,0,0,0,0,0,0,1
ENGL 165MC,0,0,0,0,0,0,1,0,0,0,0,0
ENGL 165MCERATUR,0,0,0,0,0,0,0,0,0,0,0,1
ENGL 165MI,0,0,0,0,0,0,1,0,0,0,0,1
ENGL 165ML,0,0,0,0,0,0,1,0,0,0,0,0
ENGL 165MLERATUR,0,0,0,0,0,0,0,0,0,0,0,1
ENGL 165MM,0,0,0,0,0,0,1,0,0,0,0,0
ENGL 165MMERATUR,0,0,0,0,0,0,0,0,0,0,0,1
ENGL 165MP,0,0,0,0,0,0,1,0,0,0,0,0
ENGL 165MPERATUR,0,0,0,0,0,0,0,0,0,0,0,1
ENGL 165MT,0,0,0,0,0,0,1,0,0,0,0,0
ENGL 165MTERATUR,0,0,0,0,0,0,0,0,0,0,0,1
ENGL 165NA,0,0,0,0,0,0,1,0,0,0,0,0
ENGL 165NAERATUR,0,0,0,0,0,0,0,0,0,0,0,1
ENGL 165NC,0,0,0,0,0,0,1,0,0,0,0,1
ENGL 165NG,0,0,0,0,0,0,1,0,0,0,0,1
ENGL 165NT,0,0,0,0,0,0,1,0,0,0,0,0
ENGL 165NTERATUR,0,0,0,0,0,0,0,0,0,0,0,1
ENGL 165NV,0,0,0,0,0,0,1,0,0,0,0,0
ENGL 165NVERATUR,0,0,0,0,0,0,0,0,0,0,0,1
ENGL 165PC,0,0,0,0,0,0,1,0,0,0,0,0
ENGL 165PCERATUR,0,0,0,0,0,0,0,0,0,0,0,1
ENGL 165PH,0,0,0,0,0,0,1,0,0,0,0,0
ENGL 165PHERATUR,0,0,0,0,0,0,0,0,0,0,0,1
ENGL 165PL,0,0,0,0,0,0,1,0,0,0,0,1
ENGL 165PM,0,0,0,0,0,0,1,0,0,0,0,0
ENGL 165PMERATUR,0,0,0,0,0,0,0,0,0,0,0,1
ENGL 165PP,0,0,0,0,0,0,1,0,0,0,0,1
ENGL 165PR,0,0,0,0,0,0,1,0,0,0,0,0
ENGL 165PRERATUR,0,0,0,0,0,0,0,0,0,0,0,1
ENGL 165RC,0,0,0,0,0,0,1,0,0,0,0,0
ENGL 165RCERATUR,0,0,0,0,0,0,0,0,0,0,0,1
ENGL 165RD,0,0,0,0,0,0,1,0,0,0,0,0
ENGL 165RDERATUR,0,0,0,0,0,0,0,0,0,0,0,1
ENGL 165RL,0,0,0,0,0,0,1,0,0,0,0,0
ENGL 165RLERATUR,0,0,0,0,0,0,0,0,0,0,0,1
ENGL 165RP,0,0,0,0,0,0,1,0,0,0,0,1
ENGL 165RR,0,0,0,0,0,0,1,0,0,0,0,1
ENGL 165RS,0,0,0,0,0,0,1,0,0,0,0,0
ENGL 165RSERATUR,0,0,0,0,0,0,0,0,0,0,0,1
ENGL 165ST,0,0,0,0,0,0,1,0,0,0,0,0
ENGL 165STERATUR,0,0,0,0,0,0,0,0,0,0,0,1
ENGL 165TL,0,0,0,0,0,0,1,0,0,0,0,0
ENGL 165TLERATUR,0,0,0,0,0,0,0,0,0,0,0,1
ENGL 165TP,0,0,0,0,0,0,1,0,0,0,0,0
ENGL 165TPERATUR,0,0,0,0,0,0,0,0,0,0,0,1
ENGL 165TR,0,0,0,0,0,0,1,0,0,0,0,0
ENGL 165TRERATUR,0,0,0,0,0,0,0,0,0,0,0,1
ENGL 165VP,0,0,0,0,0,0,1,0,0,0,0,0
ENGL 165VPERATUR,0,0,0,0,0,0,0,0,0,0,0,1
ENGL 165WD,0,0,0,0,0,0,1,0,0,0,0,0
ENGL 165WDERATUR,0,0,0,0,0,0,0,0,0,0,0,1
ENGL 165WH,0,0,0,0,0,0,1,0,0,0,0,0
ENGL 165WHERATUR,0,0,0,0,0,0,0,0,0,0,0,1
ENGL 165WN,0,0,0,0,0,0,1,0,0,0,0,0
ENGL 165WNERATUR,0,0,0,0,0,0,0,0,0,0,0,1
ENGL 165WT,0,0,0,0,0,0,1,0,0,0,0,0
ENGL 165WTERATUR,0,0,0,0,0,0,0,0,0,0,0,1
ENGL 165XX,0,0,0,0,0,0,1,0,0,0,0,0
ENGL 165XXERATUR,0,0,0,0,0,0,0,0,0,0,0,1
ENGL 170BL,0,0,0,0,0,0,1,0,0,0,0,1
ENGL 170CD,0,0,0,0,0,0,1,0,0,0,0,1
ENGL 170CM,0,0,0,0,0,0,1,0,0,0,0,1
ENGL 170IC,0,0,0,0,0,0,1,0,0,0,0,1
ENGL 170IM,0,0,0,0,0,0,1,0,0,0,0,1
ENGL 170LM,0,0,0,0,0,0,1,0,0,0,0,1
ENGL 170MB,0,0,0,0,0,0,1,0,0,0,0,1
ENGL 170MT,0,0,0,0,0,0,1,0,0,0,0,1
ENGL 170NV,0,0,0,0,0,0,1,0,0,0,0,1
ENGL 170SB,0,0,0,0,0,0,1,0,0,0,0,1
ENGL 170TL,0,0,0,0,0,0,1,0,0,0,0,1
ENGL 171LE,0,0,0,0,1,0,0,0,0,0,0,1
ENGL 171NH,0,0,0,0,1,0,0,0,0,0,0,1
ENGL 172,0,0,0,0,0,0,1,0,0,0,0,1
ENGL 179,0,0,0,0,0,0,1,0,0,0,0,1
ENGL 18,0,0,0,0,0,0,0,0,0,0,0,1
ENGL 180,0,0,0,0,0,0,1,0,0,0,0,1
ENGL 181AL,0,0,0,0,0,0,1,0,0,0,0,1
ENGL 181LV,0,0,0,0,0,0,1,0,0,0,0,1
ENGL 181MT,0,0,0,0,0,0,1,0,0,0,0,1
ENGL 184,0,0,0,0,0,0,1,0,0,0,0,1
ENGL 185,0,0,0,0,0,0,1,0,0,0,0,1
ENGL 187AA,0,0,0,0,0,0,1,1,0,0,0,1
ENGL 187AG,0,0,0,0,0,0,1,0,0,0,0,1
ENGL 187BA,0,0,0,0,0,0,1,0,0,0,0,1
ENGL 187BB,0,0,0,0,0,0,1,0,0,0,0,1
ENGL 187BP,0,0,0,0,0,0,1,0,0,0,0,1
ENGL 187EL,0,0,0,0,0,0,1,0,0,0,0,1
ENGL 187FM,0,0,0,0,0,0,1,0,0,0,0,1
ENGL 187IL,0,0,0,0,0,0,1,0,0,0,0,1
ENGL 187LJ,0,0,0,0,0,0,1,0,0,0,0,1
ENGL 187LL,0,0,0,0,0,0,1,0,0,0,0,1
ENGL 187ML,0,0,0,0,0,0,1,0,0,0,0,1
ENGL 187MT,0,0,0,0,0,0,1,0,0,0,0,1
ENGL 187SM,0,0,0,0,0,0,1,0,0,0,0,1
ENGL 187TD,0,0,0,0,0,0,1,0,0,0,0,1
ENGL 187TM,0,0,0,0,0,0,1,0,0,0,0,1
ENGL 187US,0,0,0,0,0,0,1,0,0,0,0,1
ENGL 187VW,0,0,0,0,0,0,1,0,0,0,0,1
ENGL 187WW,0,0,0,0,0,0,1,0,0,0,0,1
ENGL 189,0,0,0,0,0,0,1,0,0,0,0,1
ENGL 190AL,0,0,0,0,0,0,1,0,0,0,0,1
ENGL 190CA,0,0,0,0,0,0,1,0,0,0,0,1
ENGL 190GL,0,0,0,0,0,0,1,0,0,0,0,1
ENGL 190SA,0,0,0,0,0,0,1,0,0,0,0,1
ENGL 190WL,0,0,0,0,0,0,1,0,0,0,0,1
ENGL 191,1,0,0,0,0,0,1,1,0,0,0,1
ENGL 192CR,0,0,0,0,0,0,1,0,0,0,0,1
ENGL 192DF,0,0,0,0,0,0,1,0,0,0,0,1
ENGL 192EF,0,0,0,0,0,0,1,0,0,0,0,1
ENGL 192FE,0,0,0,0,0,0,1,0,0,0,0,1
ENGL 192SC,0,0,0,0,0,0,1,0,0,0,0,1
ENGL 192SF,0,0,0,0,0,0,1,0,0,0,0,1
ENGL 192SS,0,0,0,0,0,0,1,0,0,0,0,1
ENGL 192WW,0,0,0,0,0,0,1,0,0,0,0,1
ENGL 193,0,0,0,0,0,0,1,0,0,0,0,1
ENGL 22,0,0,0,0,1,0,1,0,1,0,0,0
ENGL 23,0,0,0,0,1,0,1,0,0,0,0,0
ENGL 24,0,0,0,0,1,0,1,0,0,0,1,0
ENGL 25,0,0,0,0,0,0,1,0,0,0,0,1
ENGL 34NA,0,0,0,0,1,0,1,0,0,0,0,0
ENGL 36,0,0,0,0,0,0,0,0,0,0,1,1
ENGL 37,0,0,0,0,1,0,0,0,0,0,0,0
ENGL 38A,0,0,0,0,0,0,1,1,0,0,0,1
ENGL 38B,0,0,0,0,0,0,1,1,0,0,0,1
ENGL 39,0,0,0,0,1,0,1,1,0,0,0,0
ENGL 50,0,0,0,0,0,0,1,1,0,0,0,1
ENGL 65AA,0,0,0,0,0,0,1,0,0,0,0,1
ENGL 65AC,0,0,0,0,0,0,1,0,0,0,0,1
ENGL 65AN,0,0,0,0,0,0,1,0,0,0,0,1
ENGL 65BB,0,0,0,0,0,0,1,0,0,0,0,1
ENGL 65BP,0,0,0,0,0,0,1,0,0,0,0,1
ENGL 65EM,0,0,0,0,0,0,1,0,0,0,0,1
ENGL 65FM,0,0,0,0,0,0,1,0,0,0,0,1
ENGL 65GL,0,0,0,0,0,0,1,0,0,0,0,1
ENGL 65HS,0,0,0,0,0,0,1,0,0,0,0,1
ENGL 65IC,0,0,0,0,0,0,1,0,0,0,0,1
ENGL 65IW,0,0,0,0,0,0,1,0,0,0,0,1
ENGL 65LC,0,0,0,0,0,0,1,0,0,0,0,1
ENGL 65LE,0,0,0,0,0,0,1,0,0,0,0,1
ENGL 65LP,0,0,0,0,0,0,1,0,0,0,0,1
ENGL 65LV,0,0,0,0,0,0,1,0,0,0,0,1
ENGL 65MM,0,0,0,0,0,0,1,0,0,0,0,1
ENGL 65PM,0,0,0,0,0,0,1,0,0,0,0,1
ENGL 65PW,0,0,0,0,0,0,1,0,0,0,0,1
ENGL 65SN,0,0,0,0,0,0,1,0,0,0,0,1
ENGL 65SS,0,0,0,0,0,0,1,0,0,0,0,1
ENGL 65TW,0,0,0,0,0,0,1,0,0,0,0,1
ENGL 65WW,0,0,0,0,0,0,1,0,0,0,0,1
ENV S 1,0,0,0,1,0,0,0,0,0,0,0,1
ENV S 110,0,0,0,0,0,0,0,0,0,0,0,1
ENV S 115,0,0,1,0,0,0,0,0,0,1,0,0
ENV S 122CC,0,0,0,0,0,0,1,0,0,0,0,1
ENV S 122LE,0,0,0,0,0,0,1,0,0,0,0,1
ENV S 122NE,0,0,0,0,0,0,1,0,0,0,0,1
ENV S 130A,0,0,0,1,0,0,0,0,0,0,1,0
ENV S 130B,0,0,0,1,0,0,0,0,0,0,1,0
ENV S 132,0,0,0,1,0,0,0,0,0,0,0,0
ENV S 136O,0,0,0,0,0,1,0,0,0,0,0,0
ENV S 143,0,0,0,0,0,0,0,0,0,0,0,1
ENV S 146,0,0,0,0,0,0,0,0,0,0,0,1
ENV S 160,0,0,0,0,0,0,1,0,0,0,0,1
ENV S 161,0,0,0,0,0,0,0,0,0,0,0,1
ENV S 173,1,0,0,0,0,0,0,0,0,0,0,0
ENV S 189,0,0,0,0,0,0,0,1,0,0,0,1
ENV S 2,0,0,1,0,0,0,0,0,0,0,0,1
ENV S 3,0,0,0,0,1,0,0,0,0,0,0,1
FAMST 101A,0,0,0,0,0,0,0,0,0,0,0,1
FAMST 101B,0,0,0,0,0,0,0,0,0,0,0,1
FAMST 101C,0,0,0,0,0,0,0,0,0,0,0,1
FAMST 120,0,0,0,0,0,1,0,0,0,0,1,1
FAMST 121,0,0,0,0,0,1,0,0,0,0,1,0
FAMST 122AA,0,0,0,0,0,1,0,0,0,0,0,1
FAMST 122AC,0,0,0,0,0,1,0,0,0,0,0,1
FAMST 122AD,0,0,0,0,0,1,0,0,0,0,0,1
FAMST 122AE,0,0,0,0,0,1,0,0,0,0,0,1
FAMST 122AG,0,0,0,0,0,1,0,0,0,0,0,1
FAMST 122AR,0,0,0,0,0,1,0,0,0,0,0,1
FAMST 122AU,0,0,0,0,0,1,0,0,0,0,0,1
FAMST 122AZ,0,0,0,0,0,1,0,0,0,0,0,1
FAMST 122CA,0,0,0,0,0,1,0,0,0,0,0,1
FAMST 122CN,0,0,0,0,0,1,0,0,0,0,0,1
FAMST 122CU,0,0,0,0,0,1,0,0,0,0,0,1
FAMST 122EA,0,0,0,0,0,1,0,0,0,0,0,1
FAMST 122EC,0,0,0,0,0,1,0,0,0,0,0,1
FAMST 122EU,0,0,0,0,0,1,0,0,0,0,0,1
FAMST 122FF,0,0,0,0,0,1,0,0,0,0,0,1
FAMST 122FI,0,0,0,0,0,1,0,0,0,0,0,1
FAMST 122FL,0,0,0,0,0,1,0,0,0,0,0,1
FAMST 122FR,0,0,0,0,0,1,0,0,0,0,0,1
FAMST 122HE,0,0,0,0,0,1,0,0,0,0,0,1
FAMST 122HK,0,0,0,0,0,1,0,0,0,0,0,1
FAMST 122HU,0,0,0,0,0,1,0,0,0,0,0,1
FAMST 122IC,0,0,0,0,0,1,0,0,0,0,0,1
FAMST 122IM,0,0,0,0,0,1,0,0,0,0,0,1
FAMST 122IN,0,0,0,0,0,1,0,0,0,0,0,1
FAMST 122IT,0,0,0,0,0,1,0,0,0,0,0,1
FAMST 122JA,0,0,0,0,0,1,0,0,0,0,0,1
FAMST 122KO,0,0,0,0,0,1,0,0,0,0,0,1
FAMST 122MC,0,0,0,0,0,1,0,0,0,0,0,1
FAMST 122ME,0,0,0,0,0,1,0,0,0,0,0,1
FAMST 122NA,0,0,0,0,0,1,0,0,0,0,0,1
FAMST 122NG,0,0,0,0,0,1,0,0,0,0,0,1
FAMST 122NI,0,0,0,0,0,1,0,0,0,0,0,1
FAMST 122PC,0,0,0,0,0,1,0,0,0,0,0,1
FAMST 122RA,0,0,0,0,0,1,0,0,0,0,0,1
FAMST 122TH,0,0,0,0,0,1,0,0,0,0,0,1
FAMST 122TN,0,0,0,0,0,1,0,0,0,0,0,1
FAMST 122WN,0,0,0,0,0,1,0,0,0,0,0,1
FAMST 123,0,0,0,0,0,0,0,0,0,0,0,1
FAMST 124,0,0,0,0,0,1,0,0,0,0,0,1
FAMST 124V,0,0,0,0,0,1,0,0,0,0,1,0
FAMST 126,0,0,0,0,0,1,0,0,0,0,0,1
FAMST 127,0,0,0,0,0,1,0,1,0,0,0,1
FAMST 127M,0,0,0,0,0,1,0,0,0,0,0,1
FAMST 134,0,0,0,0,0,1,0,0,0,0,0,1
FAMST 144,0,0,0,0,0,1,0,0,0,0,0,1
FAMST 163,0,0,0,0,0,1,0,0,0,0,0,1
FAMST 169,0,0,0,0,0,1,0,0,0,0,0,0
FAMST 175,0,0,0,0,0,1,0,0,0,0,0,0
FAMST 46,0,0,0,0,0,1,0,0,0,0,0,1
FAMST 55BE,0,0,0,0,0,1,0,0,0,0,0,1
FAMST 55CY,0,0,0,0,0,1,0,0,0,0,0,1
FAMST 55DD,0,0,0,0,0,1,0,0,0,0,0,1
FAMST 55QM,0,0,0,0,0,1,0,0,0,0,0,1
FAMST 56FR,0,0,0,0,0,1,0,0,0,0,0,1
FAMST 56MR,0,0,0,0,0,1,0,0,0,0,0,1
FAMST 56ZM,0,0,0,0,0,1,0,0,0,0,0,1
FEMST 117C,0,0,0,1,0,0,0,0,0,0,0,1
FEMST 142,0,0,0,0,0,0,0,1,0,0,0,1
FEMST 150,0,0,0,0,0,0,0,0,0,0,0,1
FEMST 150H,0,0,0,0,0,0,0,0,0,0,0,1
FEMST 153,0,0,0,1,0,0,0,1,0,0,0,1
FEMST 154A,0,0,0,0,0,0,0,0,0,0,0,1
FEMST 159B,1,0,0,1,0,0,0,0,0,0,0,1
FEMST 159C,1,0,0,1,0,0,0,0,0,0,0,1
FEMST 162,0,0,0,0,0,0,0,0,0,0,0,1
FEMST 171CN,0,0,0,0,1,0,1,0,0,0,0,1
FEMST 20,0,0,0,1,0,0,0,0,0,0,0,1
FEMST 20H,0,0,0,1,0,0,0,0,0,0,0,1
FEMST 30,0,0,0,1,0,0,0,0,0,0,1,1
FEMST 30H,0,0,0,1,0,0,0,0,0,0,1,1
FEMST 40,0,0,0,0,0,0,1,0,0,0,0,1
FEMST 40H,0,0,0,0,0,0,1,0,0,0,0,1
FEMST 50,0,0,0,1,0,0,0,0,0,0,0,1
FEMST 50H,0,0,0,1,0,0,0,0,0,0,0,1
FEMST 60,0,0,0,1,0,0,0,1,0,0,0,1
FEMST 60H,0,0,0,1,0,0,0,1,0,0,0,1
FEMST 80,0,0,0,0,0,0,0,0,0,0,0,1
FEMST 80H,0,0,0,0,0,0,0,0,0,0,0,1
FEMSTW 150,0,0,0,0,0,0,0,0,0,0,0,1
FEMSTW 20,0,0,0,1,0,0,0,0,0,0,0,1
FR 101A,0,0,0,0,0,0,1,0,0,0,0,0
FR 101B,0,0,0,0,0,0,1,0,0,0,0,0
FR 101C,0,0,0,0,0,0,1,0,0,0,0,0
FR 111,0,0,0,1,0,0,0,0,0,0,0,0
FR 147A,0,0,0,0,0,0,1,0,0,0,0,1
FR 147B,0,0,0,0,0,0,1,0,0,0,0,1
FR 148C,0,0,0,0,0,0,1,0,0,0,0,1
FR 148E,0,0,0,0,0,0,1,0,0,0,0,1
FR 149C,0,0,0,0,1,0,1,0,0,0,0,1
FR 149D,0,0,0,0,0,0,1,0,0,0,0,1
FR 149E,0,0,0,0,0,0,1,0,0,0,0,1
FR 151G,0,0,0,1,0,0,0,0,0,0,1,0
FR 153A,0,0,0,0,0,0,1,0,0,0,0,1
FR 153B,0,0,0,0,0,0,1,0,0,0,0,1
FR 153C,0,0,0,0,0,0,1,0,0,0,0,1
FR 153D,0,0,0,0,0,0,1,0,0,0,0,0
FR 153F,0,0,0,0,0,0,1,0,0,0,0,1
FR 154A,0,0,0,0,0,0,1,0,0,0,0,1
FR 154D,0,0,0,0,0,0,1,0,0,0,0,1
FR 154E,0,0,0,0,0,0,1,0,0,0,0,1
FR 154F,0,0,0,0,1,0,1,0,0,0,0,1
FR 154G,0,0,0,0,1,0,1,0,0,0,1,1
FR 154I,0,0,0,0,1,0,1,0,0,0,0,1
FR 154J,0,0,0,0,0,0,1,0,0,0,0,0
FR 154L,0,0,0,1,0,0,0,0,0,0,1,0
FR 155A,0,0,0,0,0,0,1,0,0,0,0,1
FR 155B,0,0,0,0,0,0,1,0,0,0,0,0
FR 155C,0,0,0,0,0,0,1,0,0,0,0,1
FR 155D,0,0,0,0,1,0,1,0,0,0,0,1
FR 156A,0,0,0,0,0,1,0,0,0,0,0,1
FR 156C,0,0,0,0,0,1,1,0,0,0,0,1
FR 156D,0,0,0,0,0,1,0,0,0,0,0,1
FR 189,0,0,0,0,0,0,1,0,0,0,0,1
FR 3,0,1,0,0,0,0,0,0,0,0,0,0
FR 34,0,0,0,0,0,0,1,0,0,0,0,1
FR 4,0,1,0,0,0,0,0,0,0,0,0,0
FR 40X,0,0,1,0,1,0,0,0,0,0,0,0
FR 5,0,1,0,0,0,0,0,0,0,0,0,0
FR 50AX,0,0,0,0,1,0,0,0,1,0,0,1
FR 50BX,0,0,0,0,1,0,0,0,1,0,0,0
FR 50CX,0,0,0,0,1,0,0,0,1,0,0,1
FR 6,0,1,0,0,0,0,0,0,0,0,0,0
FR 6GS,0,1,0,0,0,0,0,0,0,0,0,0
GEOG 108,0,0,0,1,0,0,0,0,0,0,0,0
GEOG 12,0,0,1,0,0,0,0,0,0,0,0,0
GEOG 140,0,0,0,0,0,0,0,0,0,0,0,1
GEOG 148,0,0,0,0,0,0,0,0,0,0,0,1
GEOG 150,0,0,0,1,0,0,0,0,0,0,0,0
GEOG 2,0,0,0,1,0,0,0,0,0,0,1,0
GEOG 20,0,0,0,1,0,0,0,0,0,0,0,0
GEOG 3,0,0,1,0,0,0,0,0,0,0,0,0
GEOG 4,0,0,1,0,0,0,0,0,0,0,0,0
GEOG 5,0,0,0,1,0,0,0,0,0,0,0,0
GEOG 6,0,0,0,1,0,0,0,0,0,0,0,0
GEOG 8,0,0,1,0,0,0,0,0,0,1,0,1
GEOG W 12,0,0,1,0,0,0,0,0,0,0,0,0
GEOG W 8,0,0,1,0,0,0,0,0,0,1,0,1
GER 109AA,0,0,0,0,1,0,0,0,1,0,0,0
GER 109MA,0,0,0,0,1,0,0,0,1,0,0,0
GER 111,0,0,0,0,1,0,0,0,1,0,0,1
GER 112,0,0,0,0,1,0,0,0,1,0,0,1
GER 115A,0,0,0,0,0,0,1,0,0,0,0,1
GER 115B,0,0,0,0,0,0,1,0,0,0,0,1
GER 115C,0,0,0,0,0,0,1,0,0,0,0,1
GER 116A,0,0,0,0,1,0,1,0,0,0,0,1
GER 143,0,0,0,0,0,0,1,0,0,0,0,1
GER 151C,0,0,0,0,0,0,1,0,0,0,0,1
GER 152,0,0,0,0,1,0,0,0,0,1,0,0
GER 155,0,0,0,0,1,0,0,0,0,0,0,0
GER 164E,0,0,0,0,0,0,1,0,0,0,0,1
GER 164F,0,0,0,0,0,0,1,0,0,0,0,1
GER 164G,0,0,0,0,0,0,1,0,0,0,0,1
GER 164H,0,0,0,0,1,0,0,0,0,0,0,1
GER 177A,0,0,0,0,1,0,1,0,0,0,0,1
GER 179A,0,0,0,0,1,0,1,0,0,0,0,1
GER 179B,0,0,0,0,0,0,1,0,0,0,0,1
GER 179C,0,0,0,0,0,0,1,0,0,0,0,1
GER 183,0,0,0,0,0,1,0,0,0,0,0,1
GER 185,0,0,0,0,1,0,0,0,0,0,0,1
GER 187,0,0,0,0,0,0,1,0,0,0,0,1
GER 3,0,1,0,0,0,0,0,0,0,0,0,0
GER 35,0,0,0,0,1,0,0,0,0,0,0,1
GER 4,0,1,0,0,0,0,0,0,0,0,0,0
GER 43A,0,0,0,0,1,0,0,0,0,0,0,1
GER 43C,0,0,0,0,1,0,0,0,0,0,0,1
GER 5,0,1,0,0,0,0,0,0,0,0,0,0
GER 55A,0,0,0,0,0,1,0,0,0,0,0,1
GER 6,0,1,0,0,0,0,0,0,0,0,0,0
GER 95B,0,1,0,0,0,0,0,0,0,0,0,0
GER 95C,0,1,0,0,0,0,0,0,0,0,0,0
GLOBL 1,0,0,0,0,1,0,0,0,0,0,1,0
GLOBL 180A,0,0,0,0,0,0,0,0,0,0,0,1
GLOBL 2,0,0,0,1,0,0,0,0,0,0,0,0
GLOBL 60C,0,1,0,0,0,0,0,0,0,0,0,0
GLOBL 60D,0,1,0,0,0,0,0,0,0,0,0,0
GLOBL 60E,0,1,0,0,0,0,0,0,0,0,0,0
GLOBL 60F,0,1,0,0,0,0,0,0,0,0,0,0
GREEK 100,0,0,0,0,0,0,1,0,1,0,0,0
GREEK 101,0,0,0,0,0,0,1,0,1,0,0,0
GREEK 3,0,1,0,0,0,0,0,0,0,0,0,0
HEB 114A,0,0,0,0,0,0,1,0,0,0,0,1
HEB 114B,0,0,0,0,0,0,1,0,0,0,0,1
HEB 114C,0,0,0,0,0,0,1,0,0,0,0,1
HEB 3,0,1,0,0,0,0,0,0,0,0,0,0
HEB 4,0,1,0,0,0,0,0,0,0,0,0,0
HEB 5,0,1,0,0,0,0,0,0,0,0,0,0
HEB 6,0,1,0,0,0,0,0,0,0,0,0,0
HIST 104G,0,0,0,0,1,0,0,0,0,0,0,1
HIST 105A,1,0,0,1,0,0,0,0,0,0,0,0
HIST 106A,0,0,0,0,1,0,0,0,0,0,0,1
HIST 106B,0,0,0,0,1,0,0,0,0,0,0,1
HIST 106C,0,0,0,0,1,0,0,0,0,0,0,1
HIST 107C,0,0,0,0,1,0,0,0,0,0,0,0
HIST 114B,0,0,0,0,1,0,0,0,0,0,0,1
HIST 114C,0,0,0,0,1,0,0,0,0,0,0,1
HIST 117A,0,0,0,1,0,0,0,0,0,0,0,1
HIST 117C,0,0,0,1,0,0,0,0,1,0,0,1
HIST 11A,1,0,0,1,0,0,0,1,0,0,0,1
HIST 121A,0,0,0,0,1,0,0,0,1,0,0,1
HIST 123A,0,0,0,0,0,0,0,0,0,0,0,1
HIST 123B,0,0,0,0,0,0,0,0,0,0,0,1
HIST 123C,0,0,0,0,0,0,0,0,0,0,0,1
HIST 133B 20TH,0,0,0,0,1,0,0,0,0,0,0,0
HIST 133C 20TH,0,0,0,0,1,0,0,0,0,0,0,0
HIST 133D,0,0,0,0,1,0,0,0,1,0,0,0
HIST 140A,0,0,0,0,1,0,0,0,1,0,0,1
HIST 140B,0,0,0,0,1,0,0,0,1,0,0,1
HIST 142AL,1,0,0,0,0,0,0,0,0,0,0,0
HIST 142S,1,0,0,0,0,0,0,0,0,0,0,0
HIST 144B,0,0,0,0,0,0,0,1,0,0,0,1
HIST 144C,0,0,0,1,0,0,0,1,0,0,0,1
HIST 144J,0,0,0,1,0,0,0,1,0,0,0,1
HIST 144W,0,0,0,0,0,0,0,1,0,0,0,1
HIST 146,0,0,0,0,0,0,0,0,0,0,1,0
HIST 146T,0,0,0,0,0,0,0,0,0,0,1,0
HIST 146W,0,0,0,0,0,0,0,0,0,0,1,0
HIST 155A,0,0,0,0,0,0,0,0,0,0,0,1
HIST 156A,0,0,0,0,0,0,0,0,0,0,1,1
HIST 156B,0,0,0,0,0,0,0,0,0,0,1,1
HIST 157A,0,0,0,0,0,0,0,0,0,0,0,1
HIST 157B,0,0,0,0,0,0,0,0,0,0,0,1
HIST 159B,1,0,0,1,0,0,0,0,0,0,0,1
HIST 159C,1,0,0,1,0,0,0,0,0,0,0,1
HIST 160A,1,0,0,0,0,0,0,1,0,0,0,0
HIST 160B,1,0,0,0,0,0,0,1,0,0,0,0
HIST 161A,1,0,0,1,0,0,0,1,0,0,0,0
HIST 161B,1,0,0,1,0,0,0,1,0,0,0,0
HIST 164C,1,0,0,0,1,0,0,0,0,0,0,1
HIST 164IA,1,0,0,0,0,0,0,1,0,0,0,1
HIST 164IB,1,0,0,0,0,0,0,1,0,0,0,1
HIST 165,1,0,0,0,0,0,0,0,0,0,0,0
HIST 166A,1,0,0,0,0,0,0,0,0,0,0,0
HIST 166B,1,0,0,0,0,0,0,0,0,0,0,0
HIST 166C,1,0,0,0,0,0,0,0,0,0,0,0
HIST 166D,1,0,0,0,0,0,0,0,0,0,0,0
HIST 166LB,1,0,0,0,0,0,0,0,0,0,0,0
HIST 167CA,0,0,0,1,0,0,0,0,0,0,0,1
HIST 167CB,0,0,0,1,0,0,0,0,0,0,0,1
HIST 168A,1,0,0,1,0,0,0,1,0,0,0,0
HIST 168B,1,0,0,1,0,0,0,1,0,0,0,0
HIST 168C,1,0,0,0,0,0,0,0,0,0,0,0
HIST 168D,1,0,0,0,0,0,0,0,0,0,0,0
HIST 168E,0,0,0,0,0,0,0,1,0,0,0,0
HIST 168M,1,0,0,0,0,0,0,1,0,0,0,1
HIST 168N,1,0,0,0,0,0,0,1,0,0,0,1
HIST 169M,1,0,0,0,0,0,0,0,0,0,0,0
HIST 171C,0,0,0,0,1,0,0,0,0,0,0,1
HIST 171D,0,0,0,0,1,0,0,0,0,0,0,1
HIST 172A,1,0,0,1,0,0,0,0,0,0,0,1
HIST 172B,1,0,0,1,0,0,0,0,0,0,0,1
HIST 173T,1,0,0,0,0,0,0,0,0,0,0,0
HIST 175A,1,0,0,1,0,0,0,0,0,0,0,0
HIST 175B,1,0,0,1,0,0,0,0,0,0,0,0
HIST 176A,1,0,0,0,0,0,0,0,0,0,0,0
HIST 176B,1,0,0,0,0,0,0,0,0,0,0,0
HIST 177,1,0,0,0,0,0,0,0,0,0,0,0
HIST 178A,1,0,0,0,0,0,0,0,0,0,0,0
HIST 178B,1,0,0,0,0,0,0,0,0,0,0,0
HIST 179A,1,0,0,0,0,0,0,1,0,0,0,1
HIST 179B,1,0,0,0,0,0,0,1,0,0,0,0
HIST 17A,1,0,0,1,0,0,0,0,0,0,0,1
HIST 17AH,1,0,0,1,0,0,0,0,0,0,0,1
HIST 17B,1,0,0,1,0,0,0,0,0,0,0,1
HIST 17BH,1,0,0,1,0,0,0,0,0,0,0,1
HIST 17C,1,0,0,1,0,0,0,0,0,0,0,1
HIST 17CH,1,0,0,1,0,0,0,0,0,0,0,1
HIST 182A,0,0,0,0,1,0,0,0,0,0,1,1
HIST 182B,0,0,0,0,1,0,0,0,0,0,1,1
HIST 184A,0,0,0,0,1,0,0,0,0,0,1,1
HIST 184B,0,0,0,0,1,0,0,0,0,0,1,1
HIST 185A,0,0,0,0,1,0,0,0,0,0,1,1
HIST 185B,0,0,0,0,1,0,0,0,0,0,1,1
HIST 187A,0,0,0,0,1,0,0,0,0,0,1,1
HIST 187B,0,0,0,0,1,0,0,0,0,0,1,1
HIST 187C,0,0,0,0,1,0,0,0,0,0,1,1
HIST 188S,0,0,0,1,1,0,0,0,0,0,1,1
HIST 189E,0,0,0,0,1,0,0,0,0,0,1,1
HIST 20,0,0,0,0,1,0,0,0,0,0,0,1
HIST 22,0,0,0,0,1,0,0,0,0,0,0,1
HIST 25,0,0,0,1,0,0,0,0,0,0,1,1
HIST 28,0,0,0,0,1,0,0,0,0,0,0,0
HIST 2A,0,0,0,0,1,0,0,0,1,0,0,1
HIST 2AH,0,0,0,0,1,0,0,0,1,0,0,1
HIST 2B,0,0,0,0,1,0,0,0,1,0,0,1
HIST 2BH,0,0,0,0,1,0,0,0,1,0,0,1
HIST 2C,0,0,0,0,1,0,0,0,1,0,0,1
HIST 2CH,0,0,0,0,1,0,0,0,1,0,0,1
HIST 46A,0,0,0,0,1,0,0,0,0,0,1,1
HIST 46B,0,0,0,0,1,0,0,0,0,0,1,1
HIST 49A,0,0,0,0,1,0,0,0,0,0,1,1
HIST 49B,0,0,0,0,1,0,0,0,0,0,1,1
HIST 49C,0,0,0,0,1,0,0,0,0,0,1,1
HIST 4A,0,0,0,0,1,0,0,0,1,0,0,1
HIST 4AH,0,0,0,0,1,0,0,0,1,0,0,1
HIST 4B,0,0,0,0,1,0,0,0,1,0,0,1
HIST 4BH,0,0,0,0,1,0,0,0,1,0,0,1
HIST 4C,0,0,0,0,1,0,0,0,1,0,0,1
HIST 4CH,0,0,0,0,1,0,0,0,1,0,0,1
HIST 5,0,0,0,1,0,0,0,0,0,0,0,1
HIST 56,0,0,0,0,0,0,0,0,0,0,1,1
HIST 7,0,0,0,1,0,0,0,0,0,0,0,1
HIST 74,0,0,0,1,1,0,0,0,0,0,0,1
HIST 8,0,0,0,0,1,0,0,0,0,0,0,1
HIST 80,0,0,0,0,1,0,0,0,0,0,1,1
HIST 87,0,0,0,0,1,0,0,0,0,0,1,1
HIST 88,0,0,0,0,1,0,0,0,0,0,1,1
HIST W 121A,0,0,0,0,1,0,0,0,1,0,0,1
HIST W 17B,1,0,0,1,0,0,0,0,0,0,0,1
HIST W 80,0,0,0,0,1,0,0,0,0,0,1,1
INT 133C,0,0,0,1,1,0,0,0,0,0,0,0
INT 137EV,0,0,0,0,0,0,0,0,0,0,0,1
INT 137MK,0,0,0,0,0,0,0,0,0,0,0,1
INT 137RP,0,0,0,0,0,0,0,0,0,0,0,1
INT 137RS,0,0,0,0,0,0,0,0,0,0,0,1
INT 137RV,0,0,0,0,0,0,0,0,0,0,0,1
INT 137TH,0,0,0,0,0,0,0,0,0,0,0,1
INT 35HD,0,0,1,0,1,0,0,0,0,0,0,1
INT 35LT,0,0,0,0,0,0,1,0,1,0,0,0
INT 36BH,0,0,0,0,0,0,0,0,0,0,0,1
INT 36CC,0,0,0,0,0,0,0,0,0,0,0,1
INT 36DL,0,0,0,0,0,0,0,0,0,0,0,1
INT 36GS,0,0,0,0,0,0,0,0,0,0,0,1
INT 36IA,0,0,0,0,0,0,0,0,0,0,0,1
INT 36KX,0,0,0,0,0,0,0,0,0,0,0,1
INT 36LH,0,0,0,0,0,0,0,0,0,0,0,1
INT 36MM,0,0,0,0,0,0,0,0,0,0,0,1
INT 36TS,0,0,0,0,0,0,0,0,0,0,0,1
INT 37UD,0,0,0,0,1,0,0,0,0,0,0,1
ITAL 101,0,0,0,0,0,0,1,0,0,0,0,0
ITAL 102,0,0,0,0,0,0,1,0,0,0,0,0
ITAL 111,0,0,0,0,0,0,1,0,0,0,0,0
ITAL 114X,0,0,0,0,0,0,1,0,1,0,0,1
ITAL 120X,0,0,0,0,1,0,0,0,1,0,0,0
ITAL 124X,0,0,0,0,0,1,0,0,0,0,0,0
ITAL 126A,0,0,0,0,0,0,1,0,0,0,0,0
ITAL 126AA,0,0,0,0,0,0,1,0,0,0,0,0
ITAL 126BB,0,0,0,0,0,0,1,0,0,0,0,0
ITAL 126DD,0,0,0,0,0,0,1,0,0,0,0,0
ITAL 126EE,0,0,0,0,0,0,1,0,0,0,0,0
ITAL 138A,0,0,0,0,1,0,1,0,0,0,0,1
ITAL 138AA,0,0,0,0,1,0,0,0,0,0,0,0
ITAL 138D,0,0,0,0,1,0,0,0,0,0,0,0
ITAL 138F,0,0,0,0,1,0,0,0,0,0,0,0
ITAL 138N,0,0,0,0,1,0,0,0,0,0,0,0
ITAL 138T,0,0,0,0,1,0,0,0,0,0,0,0
ITAL 139CX,0,0,0,0,1,0,0,0,1,0,0,0
ITAL 139DX,0,0,0,0,1,0,0,0,1,0,0,0
ITAL 139EX,0,0,0,0,1,0,0,0,1,0,0,0
ITAL 139FX,0,0,0,0,1,0,0,0,1,0,0,0
ITAL 139GX,0,0,0,0,1,0,0,0,1,0,0,0
ITAL 139HX,0,0,0,0,1,0,0,0,1,0,0,0
ITAL 139IX,0,0,0,0,1,0,0,0,1,0,0,0
ITAL 139TX,0,0,0,0,1,0,0,0,1,0,0,0
ITAL 139YX,0,0,0,0,1,0,0,0,1,0,0,0
ITAL 139ZX,0,0,0,0,1,0,0,0,1,0,0,0
ITAL 142X,0,0,0,0,0,0,1,0,0,0,0,1
ITAL 161X,0,0,0,1,0,0,0,0,0,0,0,1
ITAL 179X,0,0,0,0,0,1,1,0,0,0,0,0
ITAL 180X,0,0,0,0,0,1,0,0,0,0,0,0
ITAL 189X,0,0,0,0,1,0,0,0,1,0,0,0
ITAL 20X,0,0,0,0,1,0,0,0,0,0,0,0
ITAL 3,0,1,0,0,0,0,0,0,0,0,0,0
ITAL 4,0,1,0,0,0,0,0,0,0,0,0,0
ITAL 5,0,1,0,0,0,0,0,0,0,0,0,0
ITAL 6,0,1,0,0,0,0,0,0,0,0,0,0
JAPAN 112,0,0,0,0,0,0,1,0,0,0,1,1
JAPAN 115 20TH,0,0,0,0,0,0,1,0,0,0,1,0
JAPAN 149,0,0,0,0,0,1,0,0,0,0,1,0
JAPAN 159,0,0,0,0,0,1,0,0,0,0,1,1
JAPAN 162,0,0,0,1,1,0,0,0,0,0,1,1
JAPAN 164,0,0,0,0,1,0,0,0,0,0,1,0
JAPAN 165,0,0,0,0,1,0,0,0,0,0,1,1
JAPAN 167A,0,0,0,0,0,0,0,0,0,0,0,1
JAPAN 17,0,0,0,0,0,0,0,0,0,0,1,0
JAPAN 25,0,0,0,1,0,0,0,0,0,0,1,1
JAPAN 3,0,1,0,0,0,0,0,0,0,0,0,0
JAPAN 4,0,1,0,0,0,0,0,0,0,0,0,0
JAPAN 5,0,1,0,0,0,0,0,0,0,0,0,0
JAPAN 6,0,1,0,0,0,0,0,0,0,0,0,0
JAPAN 63,0,0,0,1,0,0,0,0,0,0,1,0
JAPAN 80,0,0,0,0,0,0,1,0,0,0,1,1
JAPANW 5,0,1,0,0,0,0,0,0,0,0,0,0
JAPANW 6,0,1,0,0,0,0,0,0,0,0,0,0
KOR 113,0,0,0,0,0,0,1,0,0,0,1,0
KOR 182A,0,0,0,0,1,0,0,0,0,0,1,1
KOR 182B,0,0,0,0,1,0,0,0,0,0,1,1
KOR 3,0,1,0,0,0,0,0,0,0,0,0,0
KOR 4,0,1,0,0,0,0,0,0,0,0,0,0
KOR 5,0,1,0,0,0,0,0,0,0,0,0,0
KOR 6,0,1,0,0,0,0,0,0,0,0,0,0
LAIS 10,0,0,0,0,0,0,0,0,0,0,1,1
LAIS 100,0,0,0,0,0,0,0,0,0,0,1,1
LAIS 100S,0,0,0,0,0,0,0,0,0,0,1,1
LAIS 101,0,0,0,0,1,0,0,0,0,0,0,1
LAIS 101S,0,0,0,0,1,0,0,0,0,0,0,1
LAIS 102,0,0,0,0,0,0,1,0,0,0,0,1
LAIS 102S,0,0,0,0,0,0,1,0,0,0,0,1
LAIS 156A,0,0,0,0,0,0,0,0,0,0,1,1
LAIS 174,0,0,0,0,0,0,1,0,0,0,0,0
LATIN 100,0,0,0,0,0,0,1,0,1,0,0,0
LATIN 101,0,0,0,0,0,0,1,0,1,0,0,0
LATIN 3,0,1,0,0,0,0,0,0,0,0,0,0
LING 106,0,0,1,0,0,0,0,0,0,0,0,0
LING 113,0,0,0,0,0,0,0,0,0,0,0,1
LING 130,0,0,0,1,0,0,0,0,0,0,0,0
LING 131,0,0,0,0,0,0,0,0,0,0,0,1
LING 132,0,0,0,1,0,0,0,0,0,0,0,1
LING 136,0,0,0,1,0,0,0,1,0,0,0,1
LING 137,0,0,0,0,0,0,0,0,0,0,0,1
LING 138,0,0,0,0,0,0,0,0,0,0,0,1
LING 15,0,0,1,0,1,0,0,0,0,0,0,0
LING 170,0,0,0,1,0,0,0,0,0,0,0,1
LING 180,0,0,0,1,0,0,0,1,0,0,0,1
LING 185,0,0,1,0,0,0,0,0,0,1,0,0
LING 187,0,0,0,1,0,0,0,1,0,0,0,1
LING 20,0,0,0,1,0,0,0,0,0,0,0,0
LING 30,0,0,0,0,1,0,0,0,1,0,0,1
LING 36,0,0,0,1,1,0,0,1,0,0,0,0
LING 50,0,0,0,0,1,0,0,0,0,0,0,0
LING 70,0,0,0,1,0,0,0,0,0,0,0,1
LING 80,0,0,0,0,1,0,0,0,0,0,1,0
MATH 2A,0,0,1,0,0,0,0,0,0,1,0,0
MATH 2B,0,0,1,0,0,0,0,0,0,1,0,0
MATH 34A,0,0,1,0,0,0,0,0,0,1,0,0
MATH 34B,0,0,1,0,0,0,0,0,0,1,0,0
MATH 3A,0,0,1,0,0,0,0,0,0,1,0,0
MATH 3B,0,0,1,0,0,0,0,0,0,1,0,0
MATRL 10,0,0,1,0,0,0,0,0,0,0,0,1
MCDB 149,0,0,0,0,0,0,0,0,0,0,0,1
MCDB 1A,0,0,1,0,0,0,0,0,0,0,0,0
MCDB 20,0,0,1,0,0,0,0,0,0,0,0,0
MCDB 21,0,0,1,0,0,0,0,0,0,0,0,0
MCDB 23,0,0,1,0,0,0,0,0,0,0,0,0
MCDB 24,0,0,1,0,0,0,0,0,0,0,0,0
MCDB 26,0,0,1,0,0,0,0,0,0,0,0,0
MCDB 28,0,0,1,0,0,0,0,0,0,0,0,0
MCDB 29,0,0,1,0,0,0,0,0,0,0,0,0
MES 45,0,0,0,0,1,0,0,0,0,0,1,0
MS 27,1,0,0,1,0,0,0,0,0,0,0,1
MUS 10A,0,0,0,0,0,0,0,0,1,0,0,1
MUS 10B,0,0,0,0,0,0,0,0,1,0,0,1
MUS 10C,0,0,0,0,0,0,0,0,1,0,0,1
MUS 11,0,0,0,0,0,1,0,0,0,0,0,0
MUS 113A,0,0,0,0,0,1,0,0,0,0,0,1
MUS 114,0,0,0,0,0,1,0,0,0,0,0,1
MUS 115,0,0,0,0,0,1,0,0,0,0,0,1
MUS 116,0,0,0,0,0,1,0,0,0,0,0,1
MUS 118A,0,0,0,0,0,1,0,0,0,0,0,1
MUS 119A,0,0,0,0,0,1,0,0,0,0,0,1
MUS 119B,0,0,0,0,0,1,0,0,0,0,0,0
MUS 15,0,0,0,0,0,1,0,0,0,0,0,1
MUS 16,0,0,0,0,0,1,0,0,0,0,0,1
MUS 17,0,0,0,0,0,1,0,0,0,0,0,0
MUS 175E,0,0,0,1,0,0,0,0,0,0,1,1
MUS 175F,0,0,0,1,0,0,0,0,0,0,1,1
MUS 175G,0,0,0,1,0,0,0,0,0,0,1,1
MUS 175I,0,0,0,1,0,0,0,0,0,0,1,0
MUS 187,0,0,0,0,0,0,1,0,0,0,0,1
MUS 3A,0,0,0,0,0,0,0,0,0,0,0,1
MUS 3B,0,0,0,0,0,1,0,0,0,0,0,1
PHIL 1,0,0,0,0,1,0,0,0,0,0,0,1
PHIL 100A,0,0,0,0,1,0,0,0,0,0,0,1
PHIL 100B,0,0,0,0,1,0,0,0,0,0,0,1
PHIL 100C,0,0,0,0,1,0,0,0,0,0,0,1
PHIL 100D,0,0,0,0,1,0,0,0,0,0,0,1
PHIL 100E,0,0,0,0,1,0,0,0,0,0,0,1
PHIL 100F,0,0,0,0,1,0,0,0,0,0,0,1
PHIL 112,0,0,0,0,1,0,0,0,0,0,0,1
PHIL 183,0,0,1,0,0,0,0,0,0,0,0,0
PHIL 20A,0,0,0,0,1,0,0,0,1,0,0,1
PHIL 20B,0,0,0,0,1,0,0,0,1,0,0,1
PHIL 20C,0,0,0,0,1,0,0,0,1,0,0,1
PHIL 3,0,0,0,0,1,0,0,0,0,0,0,0
PHIL 4,0,0,0,0,1,0,0,0,0,0,0,1
PHIL 7,0,0,0,0,0,0,0,0,0,0,0,1
PHYS 1,0,0,1,0,0,0,0,0,0,1,0,0
PHYS 10,0,0,1,0,0,0,0,0,0,1,0,0
PHYS 128AL,0,0,0,0,0,0,0,0,0,0,0,1
PHYS 128BL,0,0,0,0,0,0,0,0,0,0,0,1
PHYS 2,0,0,0,0,0,0,0,0,0,1,0,0
PHYS 21,0,0,1,0,0,0,0,0,0,1,0,0
PHYS 3,0,0,0,0,0,0,0,0,0,1,0,0
PHYS 3L,0,0,0,0,0,0,0,0,0,1,0,0
PHYS 4,0,0,0,0,0,0,0,0,0,1,0,0
PHYS 4L,0,0,0,0,0,0,0,0,0,1,0,0
PHYS 5,0,0,0,0,0,0,0,0,0,1,0,0
PHYS 5L,0,0,0,0,0,0,0,0,0,1,0,0
PHYS 6A,0,0,1,0,0,0,0,0,0,1,0,0
PHYS 6AL,0,0,1,0,0,0,0,0,0,1,0,0
PHYS 6B,0,0,1,0,0,0,0,0,0,1,0,0
PHYS 6BL,0,0,1,0,0,0,0,0,0,1,0,0
PHYS 6C,0,0,1,0,0,0,0,0,0,1,0,0
PHYS 6CL,0,0,1,0,0,0,0,0,0,1,0,0
POL S 1,0,0,0,0,0,0,0,0,0,0,0,1
POL S 114,0,0,0,0,0,0,0,0,0,0,0,1
POL S 12,1,0,0,1,0,0,0,0,0,0,0,1
POL S 121,0,0,0,1,0,0,0,0,0,0,0,1
POL S 127,1,0,0,0,0,0,0,0,0,0,0,1
POL S 145,0,0,0,1,0,0,0,0,0,0,0,1
POL S 150A,0,0,0,1,0,0,0,0,0,0,0,0
POL S 151,1,0,0,1,0,0,0,0,0,0,0,0
POL S 152,1,0,0,0,0,0,0,0,0,0,0,0
POL S 153,1,0,0,0,0,0,0,0,0,0,0,0
POL S 155,1,0,0,1,0,0,0,0,0,0,0,1
POL S 157,1,0,0,0,0,0,0,0,0,0,0,0
POL S 160,0,0,0,0,0,0,0,1,0,0,0,0
POL S 161,0,0,0,0,0,0,0,1,0,0,0,0
POL S 162,1,0,0,0,0,0,0,0,0,0,0,0
POL S 165,1,0,0,0,0,0,0,0,0,0,0,0
POL S 180,1,0,0,0,0,0,0,0,0,0,0,0
POL S 185,1,0,0,0,0,0,0,0,0,0,0,0
POL S 7,0,0,0,0,0,0,0,0,0,0,0,1
POL SW 121,0,0,0,1,0,0,0,0,0,0,0,1
PORT 105,0,0,0,0,0,0,1,0,0,0,0,0
PORT 115A,0,0,0,0,0,0,1,0,0,0,0,0
PORT 115AA,0,0,0,0,0,0,1,0,0,0,0,0
PORT 115B,0,0,0,0,0,0,1,0,0,0,0,0
PORT 115BB,0,0,0,0,0,0,1,0,0,0,0,0
PORT 115ED,0,0,0,0,0,0,1,0,0,0,0,0
PORT 115EE,0,0,0,0,0,0,1,0,0,0,0,0
PORT 115EO,0,0,0,0,0,0,1,0,0,0,0,0
PORT 116,0,0,0,0,0,0,1,0,0,0,0,0
PORT 125A,0,0,0,0,1,0,0,0,0,0,0,1
PORT 125B,0,0,0,0,1,0,0,0,0,0,0,1
PORT 16B,0,1,0,0,0,0,0,0,0,0,0,0
PORT 3,0,1,0,0,0,0,0,0,0,0,0,0
PORT 31,0,0,0,0,0,0,1,0,0,0,0,0
PORT 4,0,1,0,0,0,0,0,0,0,0,0,0
PORT 5,0,1,0,0,0,0,0,0,0,0,0,0
PORT 6,0,1,0,0,0,0,0,0,0,0,0,0
PSTAT 5A,0,0,1,0,0,0,0,0,0,1,0,0
PSTAT 5LS,0,0,1,0,0,0,0,0,0,1,0,0
PSY 1,0,0,0,1,0,0,0,0,0,0,0,0
PSY 102,0,0,0,1,0,0,0,0,0,0,0,0
PSY 105,0,0,0,1,0,0,0,0,0,0,0,0
PSY 106,0,0,1,0,0,0,0,0,0,0,0,0
PSY 108,0,0,1,0,0,0,0,0,0,0,0,0
PSY 10A,0,0,0,0,0,0,0,0,0,0,0,1
PSY 111L,0,0,0,0,0,0,0,0,0,0,0,1
PSY 117L,0,0,0,0,0,0,0,0,0,0,0,1
PSY 118L,0,0,0,0,0,0,0,0,0,0,0,1
PSY 120L,0,0,0,0,0,0,0,0,0,0,0,1
PSY 129,0,0,1,0,0,0,0,0,0,0,0,0
PSY 129L,0,0,0,0,0,0,0,0,0,0,0,1
PSY 138L,0,0,0,0,0,0,0,0,0,0,0,1
PSY 150L,0,0,0,0,0,0,0,0,0,0,0,1
PSY 155L,0,0,0,0,0,0,0,0,0,0,0,1
PSY 159,0,0,0,1,0,0,0,0,0,0,0,0
PSY 183,0,0,0,1,0,0,0,0,0,0,0,0
PSY 90A,0,0,0,0,0,0,0,0,0,0,0,1
PSY 90B,0,0,0,0,0,0,0,0,0,0,0,1
PSY 90C,0,0,0,0,0,0,0,0,0,0,0,1
PSY W 1,0,0,0,1,0,0,0,0,0,0,0,0
RG ST 1,0,0,0,0,1,0,0,0,0,0,0,1
RG ST 101,0,0,0,0,1,0,0,0,0,0,0,0
RG ST 106,0,0,0,0,0,0,0,0,0,0,0,1
RG ST 10C,0,1,0,0,0,0,0,0,0,0,0,0
RG ST 10D,0,1,0,0,0,0,0,0,0,0,0,0
RG ST 10E,0,1,0,0,0,0,0,0,0,0,0,0
RG ST 10F,0,1,0,0,0,0,0,0,0,0,0,0
RG ST 110D,0,0,0,0,0,0,0,1,0,0,0,1
RG ST 114X,0,0,0,0,0,0,1,0,0,0,0,1
RG ST 115A,0,0,0,1,0,0,0,0,0,0,0,0
RG ST 115G,0,0,0,0,1,0,1,0,0,0,1,0
RG ST 116A,0,0,0,0,1,0,0,0,0,0,0,1
RG ST 119F,0,0,0,0,1,0,0,0,0,0,0,0
RG ST 11C,0,1,0,0,0,0,0,0,0,0,0,0
RG ST 11D,0,1,0,0,0,0,0,0,0,0,0,0
RG ST 11E,0,1,0,0,0,0,0,0,0,0,0,0
RG ST 11F,0,1,0,0,0,0,0,0,0,0,0,0
RG ST 12,0,0,0,0,1,0,0,0,0,0,0,0
RG ST 123,0,0,0,0,1,0,0,1,0,0,0,1
RG ST 124G,0,0,0,1,0,0,0,1,0,0,0,0
RG ST 126,0,0,0,0,1,0,0,0,0,0,0,1
RG ST 127B,0,0,0,0,0,0,0,0,0,0,0,1
RG ST 128,0,0,0,0,1,0,0,0,0,0,1,0
RG ST 129,0,0,0,0,0,0,1,0,0,0,1,0
RG ST 13,0,0,0,0,0,1,0,0,0,0,0,0
RG ST 130,0,0,0,0,1,0,0,0,0,0,0,1
RG ST 131F,0,0,0,0,0,0,0,1,0,0,0,1
RG ST 131H,0,0,0,1,0,0,0,0,0,0,1,0
RG ST 131J,0,0,0,0,0,0,0,0,0,0,0,1
RG ST 133B,0,0,0,0,0,1,0,1,0,0,0,0
RG ST 133C,0,0,0,0,1,0,0,0,0,0,1,1
RG ST 133D,0,0,0,0,0,0,1,1,0,0,0,1
RG ST 133E,0,0,0,0,0,0,1,0,0,0,1,0
RG ST 138B,0,0,0,0,1,0,0,0,0,0,1,1
RG ST 14,1,0,0,1,0,0,0,1,0,0,0,1
RG ST 140A,0,0,0,0,0,0,0,0,0,0,1,1
RG ST 140B,0,0,0,1,0,0,0,0,0,0,1,1
RG ST 140C,0,0,0,0,0,0,0,0,0,0,1,1
RG ST 140D,0,0,0,0,0,0,0,0,0,0,1,0
RG ST 140E,0,0,0,0,0,0,0,1,0,0,0,0
RG ST 140F,0,0,0,0,0,0,0,0,0,0,1,0
RG ST 141,0,0,0,0,1,0,0,0,0,0,0,1
RG ST 141A,0,0,0,1,0,0,0,0,0,0,0,1
RG ST 144,0,0,0,0,1,0,0,0,0,0,0,0
RG ST 145,0,0,0,0,0,0,0,0,0,0,0,1
RG ST 147,0,0,0,1,0,0,0,0,0,0,0,1
RG ST 149H,0,0,0,0,1,0,0,0,0,0,0,0
RG ST 149R,0,0,0,0,0,0,0,0,0,0,1,0
RG ST 151A,1,0,0,1,0,0,0,0,0,0,0,1
RG ST 151B,1,0,0,1,0,0,0,0,0,0,0,1
RG ST 152,1,0,0,1,0,0,0,0,0,0,0,1
RG ST 156A,0,0,0,1,0,0,0,0,0,0,1,0
RG ST 157A,0,1,0,0,0,0,0,0,0,0,0,0
RG ST 157B,0,1,0,0,0,0,0,0,0,0,0,1
RG ST 157C,0,1,0,0,0,0,0,0,0,0,0,0
RG ST 157CP,0,0,0,0,0,0,1,0,0,0,1,0
RG ST 157G,0,0,0,0,0,1,0,0,0,0,1,1
RG ST 157I,0,0,0,0,1,0,0,1,0,0,0,0
RG ST 157PP,0,0,0,0,0,0,1,0,0,0,1,0
RG ST 158E,0,1,0,0,0,0,0,0,0,0,0,1
RG ST 158F,0,0,0,0,0,0,0,0,0,0,0,1
RG ST 159C,0,1,0,0,0,0,0,0,0,0,0,0
RG ST 160A,0,0,0,0,0,0,0,0,0,0,1,0
RG ST 162A,0,0,0,0,0,0,0,0,0,0,1,0
RG ST 162J,0,0,0,0,0,0,0,0,0,0,1,0
RG ST 167A,0,0,0,0,0,0,0,0,0,0,0,1
RG ST 169,0,0,0,0,0,0,0,0,0,0,1,0
RG ST 179B,0,0,0,0,0,0,1,0,0,0,0,1
RG ST 17C,0,1,0,0,0,0,0,0,0,0,0,0
RG ST 18,0,0,0,0,1,0,0,0,0,0,0,0
RG ST 183B,0,0,0,0,1,0,0,0,0,0,1,0
RG ST 185,0,0,0,0,1,0,0,0,0,0,1,0
RG ST 19,0,0,0,0,1,0,0,0,0,0,1,1
RG ST 193,0,0,0,0,0,0,0,1,0,0,0,1
RG ST 20,0,0,0,0,1,0,0,0,0,0,1,0
RG ST 21,0,0,0,0,1,0,0,0,0,0,1,1
RG ST 25,0,0,0,0,1,0,0,0,1,0,0,0
RG ST 28,0,0,0,0,1,0,0,0,0,0,0,0
RG ST 3,0,0,0,0,1,0,0,0,0,0,1,1
RG ST 30,0,0,0,0,1,0,0,0,0,0,0,1
RG ST 30C,0,1,0,0,0,0,0,0,0,0,0,0
RG ST 30D,0,1,0,0,0,0,0,0,0,0,0,0
RG ST 30E,0,1,0,0,0,0,0,0,0,0,0,0
RG ST 30F,0,1,0,0,0,0,0,0,0,0,0,0
RG ST 31,0,0,0,0,1,0,0,0,0,0,1,0
RG ST 32,0,0,0,0,1,0,0,0,0,0,1,0
RG ST 35,0,0,0,1,0,0,0,0,0,0,0,1
RG ST 37,0,0,0,0,1,0,0,0,0,0,0,0
RG ST 4,0,0,0,0,1,0,0,0,0,0,1,1
RG ST 48,0,0,0,0,1,0,0,0,0,0,1,1
RG ST 5,0,0,0,0,1,0,0,0,0,0,0,1
RG ST 57C,0,1,0,0,0,0,0,0,0,0,0,0
RG ST 57D,0,1,0,0,0,0,0,0,0,0,0,0
RG ST 57E,0,1,0,0,0,0,0,0,0,0,0,0
RG ST 57F,0,1,0,0,0,0,0,0,0,0,0,0
RG ST 58C,0,1,0,0,0,0,0,0,0,0,0,0
RG ST 58D,0,1,0,0,0,0,0,0,0,0,0,0
RG ST 6,0,0,0,0,1,0,0,0,0,0,1,0
RG ST 60C,0,1,0,0,0,0,0,0,0,0,0,0
RG ST 60D,0,1,0,0,0,0,0,0,0,0,0,0
RG ST 60E,0,1,0,0,0,0,0,0,0,0,0,0
RG ST 60F,0,1,0,0,0,0,0,0,0,0,0,0
RG ST 61,0,0,0,0,1,0,0,1,0,0,0,0
RG ST 62,0,0,0,0,1,0,0,1,0,0,0,0
RG ST 65C,0,1,0,0,0,0,0,0,0,0,0,0
RG ST 65D,0,1,0,0,0,0,0,0,0,0,0,0
RG ST 65E,0,1,0,0,0,0,0,0,0,0,0,0
RG ST 65F,0,1,0,0,0,0,0,0,0,0,0,0
RG ST 7,1,0,0,1,0,0,0,0,0,0,0,1
RG ST 71,0,0,0,0,1,0,0,1,0,0,0,0
RG ST 80A,0,0,0,0,1,0,0,0,1,0,0,1
RG ST 80B,0,0,0,0,1,0,0,0,1,0,0,1
RG ST 80C,0,0,0,0,1,0,0,0,1,0,0,1
RG ST 82,0,0,0,0,1,0,0,0,0,0,1,1
RG ST 84,0,0,0,0,0,0,0,0,0,0,1,1
RUSS 3,0,1,0,0,0,0,0,0,0,0,0,0
RUSS 4,0,1,0,0,0,0,0,0,0,0,0,0
RUSS 5,0,1,0,0,0,0,0,0,0,0,0,0
RUSS 6,0,1,0,0,0,0,0,0,0,0,0,0
SHS 121,0,0,1,0,0,0,0,0,0,1,0,0
SHS 50,0,0,0,0,0,0,0,0,0,0,0,1
SLAV 117F,0,0,0,0,0,0,1,0,0,0,0,0
SLAV 117G,0,0,0,0,0,0,1,0,0,0,0,1
SLAV 117H,0,0,0,0,0,0,1,0,0,0,0,1
SLAV 123A 19TH,0,0,0,0,0,0,1,0,0,0,0,0
SLAV 123B 19TH,0,0,0,0,0,0,1,0,0,0,0,0
SLAV 123C 20TH-C,0,0,0,0,0,0,1,0,0,0,0,0
SLAV 123D 20TH-C,0,0,0,0,0,0,1,0,0,0,0,0
SLAV 130A,0,0,0,0,0,1,0,0,0,0,0,0
SLAV 130B,0,0,0,0,0,1,0,0,0,0,0,0
SLAV 130C,0,0,0,0,0,1,0,0,0,0,0,0
SLAV 130D,0,0,0,0,1,1,0,0,0,0,0,0
SLAV 130E,0,0,0,0,0,1,0,0,0,0,0,0
SLAV 151C,0,0,0,0,0,0,1,0,0,0,0,1
SLAV 152A,0,0,0,1,0,0,0,0,0,0,0,1
SLAV 152B,0,0,0,1,0,0,0,0,0,0,0,1
SLAV 152C,0,0,0,1,0,0,0,0,0,0,0,1
SLAV 164B,0,0,0,0,0,0,1,0,0,0,0,1
SLAV 164C,0,0,0,0,0,0,1,0,0,0,0,1
SLAV 175A,0,0,0,0,0,0,1,0,0,0,1,1
SLAV 181A,0,0,0,0,1,0,0,0,0,0,0,1
SLAV 181B,0,0,0,0,1,0,0,0,0,0,0,1
SLAV 187,0,0,0,0,0,0,1,0,0,0,0,1
SLAV 33,0,0,0,0,1,0,0,0,0,0,0,0
SLAV 35,0,0,0,0,0,0,1,0,1,0,0,1
SOC 1,0,0,0,1,0,0,0,0,0,0,0,0
SOC 128,0,0,0,0,0,0,0,1,0,0,0,1
SOC 130LA,0,0,0,0,0,0,0,0,0,0,0,1
SOC 130ME,0,0,0,0,0,0,0,0,0,0,1,1
SOC 131,0,0,0,1,0,0,0,0,0,0,0,0
SOC 134,0,0,0,1,0,0,0,0,0,0,0,1
SOC 134RC,0,0,0,0,0,0,0,0,0,0,0,1
SOC 139A,0,0,0,0,0,0,0,1,0,0,0,0
SOC 144,1,0,0,1,0,0,0,1,0,0,0,1
SOC 152A,0,0,0,1,0,0,0,0,0,0,0,0
SOC 153,0,0,0,1,0,0,0,1,0,0,0,1
SOC 154A,0,0,0,0,0,0,0,0,0,0,0,1
SOC 154F,0,0,0,0,0,0,0,1,0,0,0,1
SOC 155M,0,0,0,0,0,0,0,1,0,0,0,1
SOC 155W,0,0,0,0,0,0,0,1,0,0,0,0
SOC 156A,0,0,0,0,0,0,0,0,0,0,0,1
SOC 170,0,0,0,0,0,0,0,0,0,0,0,1
SOC 176A,0,0,0,0,0,0,0,0,0,0,0,1
SPAN 106,0,0,0,0,0,0,0,0,0,0,1,1
SPAN 107,0,0,0,0,1,0,0,0,0,0,0,1
SPAN 108,0,0,0,0,0,0,1,0,0,0,0,1
SPAN 109,0,0,0,0,0,0,0,1,0,0,0,0
SPAN 120A,0,0,0,0,0,0,1,0,0,0,0,1
SPAN 120B,0,0,0,0,0,0,1,0,0,0,0,1
SPAN 124,0,0,0,1,0,0,0,0,0,0,0,0
SPAN 124E,0,0,0,1,0,0,0,0,0,0,0,0
SPAN 126,0,0,0,0,0,1,0,0,0,0,0,0
SPAN 126E,0,0,0,0,0,1,0,0,0,0,0,0
SPAN 131,0,0,0,0,0,0,1,0,0,0,0,0
SPAN 135,0,0,0,0,0,0,1,1,0,0,0,1
SPAN 137A,0,0,0,0,0,0,1,0,0,0,0,0
SPAN 137B,0,0,0,0,0,0,1,0,0,0,0,0
SPAN 138,0,0,0,0,0,0,1,0,0,0,0,0
SPAN 139,0,0,0,0,0,0,1,1,0,0,0,0
SPAN 140A,0,0,0,0,0,0,1,0,0,0,0,0
SPAN 140B,0,0,0,0,0,0,1,0,0,0,0,0
SPAN 142,0,0,0,0,0,0,1,0,0,0,0,1
SPAN 148B,0,0,0,0,0,1,0,0,0,0,0,0
SPAN 153,0,0,0,0,1,0,0,0,0,0,0,0
SPAN 153E,0,0,0,0,1,0,0,0,0,0,0,0
SPAN 166,0,0,0,0,0,0,1,0,0,0,0,0
SPAN 166E,0,0,0,0,0,0,1,0,0,0,0,0
SPAN 16A,0,1,0,0,0,0,0,1,0,0,0,1
SPAN 16B,0,1,0,0,0,0,0,1,0,0,0,1
SPAN 174,0,0,0,0,0,0,1,0,0,0,0,0
SPAN 177,0,0,0,0,1,0,0,0,0,0,1,0
SPAN 178,0,0,0,1,0,0,0,0,0,0,1,1
SPAN 179,0,0,0,0,0,0,1,1,0,0,0,1
SPAN 181,0,0,0,0,0,0,1,0,0,0,1,1
SPAN 181E,0,0,0,0,0,0,1,0,0,0,1,1
SPAN 25,0,0,0,0,0,0,0,0,0,0,0,1
SPAN 3,0,1,0,0,0,0,0,0,0,0,0,0
SPAN 30,0,0,0,0,0,0,1,0,0,0,0,0
SPAN 31,0,0,0,0,0,0,1,0,0,0,0,0
SPAN 3HY,0,1,0,0,0,0,0,0,0,0,0,0
SPAN 4,0,1,0,0,0,0,0,0,0,0,0,0
SPAN 5,0,1,0,0,0,0,0,0,0,0,0,0
SPAN 6,0,1,0,0,0,0,0,0,0,0,0,0
SPAN W 3,0,1,0,0,0,0,0,0,0,0,0,0
THTR 1,0,0,0,0,0,0,0,0,0,0,0,1
THTR 143,0,0,0,0,0,1,0,0,0,0,0,0
THTR 180A,1,0,0,0,0,1,0,0,0,0,0,1
THTR 180B,1,0,0,0,0,1,0,0,0,0,0,1
THTR 180C,0,0,0,0,0,1,0,0,0,0,0,1
THTR 180E,0,0,0,0,0,1,0,1,0,0,0,1
THTR 180F,0,0,0,0,0,0,0,1,0,0,0,0
THTR 180G,0,0,0,0,0,1,0,1,0,0,0,1
THTR 181S,0,0,0,0,0,1,0,0,0,0,0,0
THTR 182A,0,0,0,0,0,1,0,0,0,0,0,1
THTR 182M,0,0,0,0,0,1,0,0,0,0,0,1
THTR 182MC,0,0,0,0,0,1,0,0,0,0,0,1
THTR 182N,0,0,0,0,0,1,0,0,0,0,0,1
THTR 182RM,0,0,0,0,0,1,0,0,0,0,0,1
THTR 184AA,0,0,0,0,0,1,0,1,0,0,0,1
THTR 184CA,0,0,0,0,0,1,0,0,0,0,1,1
THTR 185TH,0,0,0,0,0,0,0,0,0,0,0,1
THTR 188S,0,0,0,0,0,1,0,0,0,0,0,1
THTR 2A,0,0,0,0,0,1,0,0,0,0,1,0
THTR 2B,0,0,0,0,0,1,0,0,0,0,1,1
THTR 2C,0,0,0,0,0,1,0,0,1,0,0,1
THTR 3,0,0,0,0,0,1,0,0,0,0,0,1
THTR 5,0,0,0,0,0,1,0,0,0,0,0,0
THTR 7,0,0,0,0,0,1,0,0,0,0,0,1
THTR 8,0,0,0,0,0,1,0,0,1,0,0,1
THTR 9,0,0,0,0,0,1,0,0,0,0,0,1
THTR 91,0,0,0,0,0,0,0,0,0,0,0,1
THTR W 2B,0,0,0,0,0,1,0,0,0,0,1,1
WRIT 18,0,0,0,0,0,0,0,0,0,0,0,1
WRIT 24,0,0,0,0,0,0,0,0,0,0,0,1
